dog_id,breed_name,height,image_path,is_friendly,is_playful,is_protective,is_fast_learner,is_athletic,is_graceful
43,american_eskimo_dog,short,images/wiki/american_eskimo_dog_1.jpg,False,False,False,False,False,False
52,american_water_spaniel,medium,images/wiki/american_water_spaniel_1.jpg,True,False,False,False,False,False
53,american_water_spaniel,medium,images/wiki/american_water_spaniel_2.jpg,True,False,False,False,False,False
60,australian_cattle_dog,medium,images/wiki/australian_cattle_dog_0.jpg,False,False,True,False,False,False
63,australian_cattle_dog,medium,images/wiki/australian_cattle_dog_3.jpg,False,False,True,False,False,False
67,australian_cattle_dog,medium,images/wiki/australian_cattle_dog_7.jpg,False,False,True,False,False,False
82,azawakh,medium,images/wiki/azawakh_1.jpg,False,False,False,False,False,False
83,azawakh,tall,images/wiki/azawakh_2.jpg,False,False,False,False,False,False
85,azawakh,x-short,images/wiki/azawakh_4.jpg,False,False,False,False,False,False
92,basenji,medium,images/wiki/basenji_0.jpg,False,False,False,False,False,False
93,basenji,medium,images/wiki/basenji_1.jpg,False,False,False,False,False,False
94,basenji,medium,images/wiki/basenji_2.jpg,False,False,False,False,False,False
95,basenji,medium,images/wiki/basenji_3.jpg,False,False,False,False,False,False
96,basenji,medium,images/wiki/basenji_4.jpg,False,False,False,False,False,False
97,basenji,medium,images/wiki/basenji_5.jpg,False,False,False,False,False,False
98,basset_fauve_de_bretagne,short,images/wiki/basset_fauve_de_bretagne_0.jpg,True,False,False,False,False,False
104,beagle,short,images/wiki/beagle_1.jpg,True,False,False,False,False,False
105,beagle,short,images/wiki/beagle_2.jpg,True,False,False,False,False,False
106,beagle,short,images/wiki/beagle_3.jpg,True,False,False,False,False,False
109,beagle,short,images/wiki/beagle_6.jpg,True,False,False,False,False,False
112,beagle,short,images/wiki/beagle_9.jpg,True,False,False,False,False,False
113,beagle,short,images/wiki/beagle_10.jpg,True,False,False,False,False,False
124,bedlington_terrier,medium,images/wiki/bedlington_terrier_2.jpg,True,False,False,False,False,False
126,bedlington_terrier,x-short,images/wiki/bedlington_terrier_4.jpg,True,False,False,False,False,False
127,bedlington_terrier,medium,images/wiki/bedlington_terrier_5.jpg,True,False,False,False,False,False
167,border_collie,medium,images/wiki/border_collie_1.jpg,True,False,False,False,False,False
169,border_collie,medium,images/wiki/border_collie_3.jpg,True,False,False,False,False,False
171,border_collie,medium,images/wiki/border_collie_5.jpg,True,False,False,False,False,False
173,border_collie,medium,images/wiki/border_collie_7.jpg,True,False,False,False,False,False
176,border_collie,medium,images/wiki/border_collie_10.jpg,True,False,False,False,False,False
207,boxer,medium,images/wiki/boxer_0.jpg,False,False,False,True,False,False
208,boxer,medium,images/wiki/boxer_1.jpg,False,False,False,True,False,False
212,boxer,short,images/wiki/boxer_5.jpg,False,False,False,True,False,False
214,boxer,short,images/wiki/boxer_7.jpg,False,False,False,True,False,False
216,boykin_spaniel,medium,images/wiki/boykin_spaniel_0.jpg,True,False,False,False,False,False
217,boykin_spaniel,x-short,images/wiki/boykin_spaniel_1.jpg,True,False,False,False,False,False
218,boykin_spaniel,medium,images/wiki/boykin_spaniel_2.jpg,True,False,False,False,False,False
219,boykin_spaniel,x-short,images/wiki/boykin_spaniel_3.jpg,True,False,False,False,False,False
220,boykin_spaniel,x-short,images/wiki/boykin_spaniel_4.jpg,True,False,False,False,False,False
221,boykin_spaniel,x-short,images/wiki/boykin_spaniel_5.jpg,True,False,False,False,False,False
222,boykin_spaniel,short,images/wiki/boykin_spaniel_6.jpg,True,False,False,False,False,False
223,boykin_spaniel,short,images/wiki/boykin_spaniel_7.jpg,True,False,False,False,False,False
226,braque_du_bourbonnais,short,images/wiki/braque_du_bourbonnais_1.jpg,True,False,False,False,False,False
227,braque_du_bourbonnais,short,images/wiki/braque_du_bourbonnais_2.jpg,True,False,False,False,False,False
259,canaan_dog,medium,images/wiki/canaan_dog_0.jpg,False,False,True,False,False,False
261,cardigan_welsh_corgi,x-short,images/wiki/cardigan_welsh_corgi_0.jpg,True,False,False,False,False,False
262,cardigan_welsh_corgi,x-short,images/wiki/cardigan_welsh_corgi_1.jpg,True,False,False,False,False,False
264,carolina_dog,x-tall,images/wiki/carolina_dog_1.jpg,False,False,True,False,False,False
266,carolina_dog,x-tall,images/wiki/carolina_dog_3.jpg,False,False,True,False,False,False
292,cesky_terrier,short,images/wiki/cesky_terrier_1.jpg,True,False,False,False,False,False
316,croatian_sheepdog,medium,images/wiki/croatian_sheepdog_0.jpg,False,False,False,False,False,False
317,croatian_sheepdog,medium,images/wiki/croatian_sheepdog_1.jpg,False,False,False,False,False,False
318,croatian_sheepdog,medium,images/wiki/croatian_sheepdog_2.jpg,False,False,False,False,False,False
321,dachshund,x-short,images/wiki/dachshund_1.jpg,True,False,False,False,False,False
323,dachshund,x-short,images/wiki/dachshund_3.jpg,True,False,False,False,False,False
331,dachshund,x-short,images/wiki/dachshund_11.jpg,True,False,False,False,False,False
341,dandie_dinmont_terrier,short,images/wiki/dandie_dinmont_terrier_0.jpg,False,False,False,False,False,False
357,drever,short,images/wiki/drever_0.jpg,False,False,False,False,False,False
361,english_cocker_spaniel,medium,images/wiki/english_cocker_spaniel_0.jpg,True,False,False,False,False,False
362,english_cocker_spaniel,medium,images/wiki/english_cocker_spaniel_1.jpg,True,False,False,False,False,False
363,english_cocker_spaniel,medium,images/wiki/english_cocker_spaniel_2.jpg,True,False,False,False,False,False
364,english_cocker_spaniel,medium,images/wiki/english_cocker_spaniel_3.jpg,True,False,False,False,False,False
365,english_cocker_spaniel,medium,images/wiki/english_cocker_spaniel_4.jpg,True,False,False,False,False,False
366,english_cocker_spaniel,medium,images/wiki/english_cocker_spaniel_5.jpg,True,False,False,False,False,False
367,english_cocker_spaniel,medium,images/wiki/english_cocker_spaniel_6.jpg,True,False,False,False,False,False
368,english_cocker_spaniel,medium,images/wiki/english_cocker_spaniel_7.jpg,True,False,False,False,False,False
369,english_cocker_spaniel,medium,images/wiki/english_cocker_spaniel_8.jpg,True,False,False,False,False,False
370,english_cocker_spaniel,medium,images/wiki/english_cocker_spaniel_9.jpg,True,False,False,False,False,False
391,field_spaniel,medium,images/wiki/field_spaniel_1.jpg,True,False,False,False,False,False
392,field_spaniel,medium,images/wiki/field_spaniel_2.jpg,True,False,False,False,False,False
397,finnish_spitz,short,images/wiki/finnish_spitz_0.jpg,True,False,False,False,True,False
398,finnish_spitz,x-short,images/wiki/finnish_spitz_1.jpg,True,False,False,False,True,False
399,finnish_spitz,short,images/wiki/finnish_spitz_2.jpg,True,False,False,False,True,False
400,french_bulldog,short,images/wiki/french_bulldog_0.jpg,False,False,False,False,False,False
401,french_bulldog,short,images/wiki/french_bulldog_1.jpg,False,False,False,False,False,False
402,french_bulldog,short,images/wiki/french_bulldog_2.jpg,False,False,False,False,False,False
410,german_pinscher,medium,images/wiki/german_pinscher_2.jpg,False,True,False,False,False,False
411,german_pinscher,medium,images/wiki/german_pinscher_3.jpg,False,True,False,False,False,False
413,german_pinscher,medium,images/wiki/german_pinscher_5.jpg,False,True,False,False,False,False
417,german_spitz,short,images/wiki/german_spitz_1.jpg,False,False,True,False,True,False
422,glen_of_imaal_terrier,short,images/wiki/glen_of_imaal_terrier_0.jpg,True,False,False,False,True,False
423,glen_of_imaal_terrier,x-short,images/wiki/glen_of_imaal_terrier_1.jpg,True,False,False,False,True,False
424,glen_of_imaal_terrier,x-short,images/wiki/glen_of_imaal_terrier_2.jpg,True,False,False,False,True,False
483,icelandic_sheepdog,short,images/wiki/icelandic_sheepdog_0.jpg,True,False,False,False,False,False
484,icelandic_sheepdog,short,images/wiki/icelandic_sheepdog_1.jpg,True,False,False,False,False,False
487,irish_red_and_white_setter,medium,images/wiki/irish_red_and_white_setter_2.jpg,False,False,False,False,True,False
495,irish_terrier,medium,images/wiki/irish_terrier_0.jpg,False,False,False,False,False,False
496,irish_terrier,medium,images/wiki/irish_terrier_1.jpg,False,False,False,False,False,False
497,irish_terrier,medium,images/wiki/irish_terrier_2.jpg,False,False,False,False,False,False
498,irish_terrier,medium,images/wiki/irish_terrier_3.jpg,False,False,False,False,False,False
499,irish_terrier,medium,images/wiki/irish_terrier_4.jpg,False,False,False,False,False,False
500,irish_terrier,medium,images/wiki/irish_terrier_5.jpg,False,False,False,False,False,False
516,jagdterrier,short,images/wiki/jagdterrier_0.jpg,False,False,False,False,False,False
523,japanese_spitz,short,images/wiki/japanese_spitz_2.jpg,False,False,False,False,False,False
526,kai_ken,medium,images/wiki/kai_ken_0.jpg,False,False,False,True,True,False
527,kai_ken,short,images/wiki/kai_ken_1.jpg,False,False,False,True,True,False
528,kai_ken,x-short,images/wiki/kai_ken_2.jpg,False,False,False,True,True,False
531,keeshond,medium,images/wiki/keeshond_1.jpg,True,False,False,False,True,False
534,keeshond,medium,images/wiki/keeshond_4.jpg,True,False,False,False,True,False
536,kerry_blue_terrier,x-short,images/wiki/kerry_blue_terrier_0.jpg,False,False,True,False,False,False
537,kerry_blue_terrier,x-short,images/wiki/kerry_blue_terrier_1.jpg,False,False,True,False,False,False
538,kerry_blue_terrier,medium,images/wiki/kerry_blue_terrier_2.jpg,False,False,True,False,False,False
543,kromfohrlander,medium,images/wiki/kromfohrlander_0.jpg,False,False,False,False,False,False
544,kromfohrlander,medium,images/wiki/kromfohrlander_1.jpg,False,False,False,False,False,False
545,kromfohrlander,medium,images/wiki/kromfohrlander_2.jpg,False,False,False,False,False,False
562,lagotto_romagnolo,medium,images/wiki/lagotto_romagnolo_0.jpg,True,False,False,True,False,False
563,lagotto_romagnolo,medium,images/wiki/lagotto_romagnolo_1.jpg,True,False,False,True,False,False
564,lagotto_romagnolo,medium,images/wiki/lagotto_romagnolo_2.jpg,True,False,False,True,False,False
595,miniature_american_shepherd,medium,images/wiki/miniature_american_shepherd_0.jpg,True,False,True,False,False,False
596,miniature_bull_terrier,short,images/wiki/miniature_bull_terrier_0.jpg,False,True,False,False,False,False
597,miniature_bull_terrier,short,images/wiki/miniature_bull_terrier_1.jpg,False,True,False,False,False,False
609,mountain_cur,medium,images/wiki/mountain_cur_0.jpg,False,False,True,False,False,False
611,mudi,short,images/wiki/mudi_1.jpg,False,False,False,False,False,False
631,norrbottenspets,medium,images/wiki/norrbottenspets_0.jpg,False,False,True,False,True,False
632,norrbottenspets,x-short,images/wiki/norrbottenspets_1.jpg,False,False,True,False,True,False
633,norrbottenspets,medium,images/wiki/norrbottenspets_2.jpg,False,False,True,False,True,False
634,norrbottenspets,short,images/wiki/norrbottenspets_3.jpg,False,False,True,False,True,False
635,norwegian_buhund,x-short,images/wiki/norwegian_buhund_0.jpg,False,False,False,False,False,False
639,norwegian_lundehund,short,images/wiki/norwegian_lundehund_0.jpg,False,False,True,False,False,False
647,nova_scotia_duck_tolling_retriever,medium,images/wiki/nova_scotia_duck_tolling_retriever_2.jpg,True,False,False,False,False,False
648,nova_scotia_duck_tolling_retriever,medium,images/wiki/nova_scotia_duck_tolling_retriever_3.jpg,True,False,False,False,False,False
674,pembroke_welsh_corgi,short,images/wiki/pembroke_welsh_corgi_0.jpg,True,False,True,False,False,False
675,pembroke_welsh_corgi,short,images/wiki/pembroke_welsh_corgi_1.jpg,True,False,True,False,False,False
676,pembroke_welsh_corgi,short,images/wiki/pembroke_welsh_corgi_2.jpg,True,False,True,False,False,False
677,pembroke_welsh_corgi,short,images/wiki/pembroke_welsh_corgi_3.jpg,True,False,True,False,False,False
681,petit_basset_griffon_vendeen,short,images/wiki/petit_basset_griffon_vendeen_0.jpg,True,True,True,False,False,False
682,petit_basset_griffon_vendeen,short,images/wiki/petit_basset_griffon_vendeen_1.jpg,True,True,True,False,False,False
688,polish_lowland_sheepdog,medium,images/wiki/polish_lowland_sheepdog_0.jpg,False,False,False,False,True,False
689,polish_lowland_sheepdog,medium,images/wiki/polish_lowland_sheepdog_1.jpg,False,False,False,False,True,False
690,polish_lowland_sheepdog,medium,images/wiki/polish_lowland_sheepdog_2.jpg,False,False,False,False,True,False
699,portuguese_podengo,medium,images/wiki/portuguese_podengo_1.jpg,False,False,True,False,False,False
705,portuguese_water_dog,medium,images/wiki/portuguese_water_dog_1.jpg,True,False,False,False,True,False
723,pumi,medium,images/wiki/pumi_0.jpg,False,False,False,False,True,False
724,pumi,x-short,images/wiki/pumi_1.jpg,False,False,False,False,True,False
727,pyrenean_shepherd,short,images/wiki/pyrenean_shepherd_0.jpg,True,False,False,False,False,False
730,pyrenean_shepherd,short,images/wiki/pyrenean_shepherd_3.jpg,True,False,False,False,False,False
731,pyrenean_shepherd,medium,images/wiki/pyrenean_shepherd_4.jpg,True,False,False,False,False,False
735,rat_terrier,medium,images/wiki/rat_terrier_0.jpg,True,False,False,False,False,False
775,samoyed,medium,images/wiki/samoyed_4.jpg,True,False,False,False,False,False
776,schapendoes,medium,images/wiki/schapendoes_0.jpg,True,False,True,False,True,False
785,scottish_terrier,x-short,images/wiki/scottish_terrier_0.jpg,False,False,False,False,True,False
786,scottish_terrier,x-short,images/wiki/scottish_terrier_1.jpg,False,False,False,False,True,False
789,scottish_terrier,x-short,images/wiki/scottish_terrier_4.jpg,False,False,False,False,True,False
791,scottish_terrier,x-short,images/wiki/scottish_terrier_6.jpg,False,False,False,False,True,False
792,scottish_terrier,x-short,images/wiki/scottish_terrier_7.jpg,False,False,False,False,True,False
793,sealyham_terrier,x-short,images/wiki/sealyham_terrier_0.jpg,False,False,True,False,False,False
794,sealyham_terrier,x-short,images/wiki/sealyham_terrier_1.jpg,False,False,True,False,False,False
795,sealyham_terrier,x-short,images/wiki/sealyham_terrier_2.jpg,False,False,True,False,False,False
796,sealyham_terrier,x-short,images/wiki/sealyham_terrier_3.jpg,False,False,True,False,False,False
797,sealyham_terrier,x-short,images/wiki/sealyham_terrier_4.jpg,False,False,True,False,False,False
799,shetland_sheepdog,short,images/wiki/shetland_sheepdog_0.jpg,False,False,False,True,False,False
805,shetland_sheepdog,short,images/wiki/shetland_sheepdog_6.jpg,False,False,False,True,False,False
806,shiba_inu,short,images/wiki/shiba_inu_0.jpg,False,False,True,False,False,False
807,shiba_inu,short,images/wiki/shiba_inu_1.jpg,False,False,True,False,False,False
808,shiba_inu,x-short,images/wiki/shiba_inu_2.jpg,False,False,True,False,False,False
809,shiba_inu,x-short,images/wiki/shiba_inu_3.jpg,False,False,True,False,False,False
821,siberian_husky,short,images/wiki/siberian_husky_0.jpg,False,True,False,False,False,False
827,siberian_husky,short,images/wiki/siberian_husky_6.jpg,False,True,False,False,False,False
829,skye_terrier,x-short,images/wiki/skye_terrier_0.jpg,False,False,False,False,False,False
830,skye_terrier,x-short,images/wiki/skye_terrier_1.jpg,False,False,False,False,False,False
831,skye_terrier,x-short,images/wiki/skye_terrier_2.jpg,False,False,False,False,False,False
837,slovensky_kopov,medium,images/wiki/slovensky_kopov_1.jpg,False,False,True,False,False,False
846,spanish_water_dog,x-tall,images/wiki/spanish_water_dog_2.jpg,False,False,False,False,False,False
859,staffordshire_bull_terrier,short,images/wiki/staffordshire_bull_terrier_0.jpg,False,False,True,False,False,False
860,staffordshire_bull_terrier,short,images/wiki/staffordshire_bull_terrier_1.jpg,False,False,True,False,False,False
861,staffordshire_bull_terrier,short,images/wiki/staffordshire_bull_terrier_2.jpg,False,False,True,False,False,False
862,staffordshire_bull_terrier,short,images/wiki/staffordshire_bull_terrier_3.jpg,False,False,True,False,False,False
863,staffordshire_bull_terrier,short,images/wiki/staffordshire_bull_terrier_4.jpg,False,False,True,False,False,False
864,staffordshire_bull_terrier,medium,images/wiki/staffordshire_bull_terrier_5.jpg,False,False,True,False,False,False
866,standard_schnauzer,short,images/wiki/standard_schnauzer_1.jpg,False,False,True,False,True,False
867,standard_schnauzer,short,images/wiki/standard_schnauzer_2.jpg,False,False,True,False,True,False
871,sussex_spaniel,short,images/wiki/sussex_spaniel_2.jpg,True,False,False,False,False,False
872,sussex_spaniel,short,images/wiki/sussex_spaniel_3.jpg,True,False,False,False,False,False
874,swedish_vallhund,tall,images/wiki/swedish_vallhund_0.jpg,True,False,True,False,False,False
875,swedish_vallhund,x-tall,images/wiki/swedish_vallhund_1.jpg,True,False,True,False,False,False
876,swedish_vallhund,x-tall,images/wiki/swedish_vallhund_2.jpg,True,False,True,False,False,False
877,swedish_vallhund,x-tall,images/wiki/swedish_vallhund_3.jpg,True,False,True,False,False,False
878,taiwan_dog,medium,images/wiki/taiwan_dog_0.jpg,False,False,False,False,False,False
879,taiwan_dog,medium,images/wiki/taiwan_dog_1.jpg,False,False,False,False,False,False
880,taiwan_dog,medium,images/wiki/taiwan_dog_2.jpg,False,False,False,False,False,False
881,taiwan_dog,medium,images/wiki/taiwan_dog_3.jpg,False,False,False,False,False,False
882,taiwan_dog,medium,images/wiki/taiwan_dog_4.jpg,False,False,False,False,False,False
884,teddy_roosevelt_terrier,x-short,images/wiki/teddy_roosevelt_terrier_1.jpg,False,False,False,False,False,False
885,teddy_roosevelt_terrier,short,images/wiki/teddy_roosevelt_terrier_2.jpg,False,False,False,False,False,False
902,tibetan_terrier,medium,images/wiki/tibetan_terrier_0.jpg,True,False,False,False,False,False
912,treeing_tennessee_brindle,medium,images/wiki/treeing_tennessee_brindle_0.jpg,True,False,True,False,False,False
933,welsh_springer_spaniel,medium,images/wiki/welsh_springer_spaniel_5.jpg,True,False,False,False,False,False
945,whippet,medium,images/wiki/whippet_0.jpg,True,False,False,False,False,False
946,whippet,medium,images/wiki/whippet_1.jpg,True,False,False,False,False,False
947,whippet,medium,images/wiki/whippet_2.jpg,True,False,False,False,False,False
948,whippet,medium,images/wiki/whippet_3.jpg,True,False,False,False,False,False
