dog_id,breed_name,height,image_path,is_friendly,is_playful,is_protective,is_fast_learner,is_athletic,is_graceful
18,akita,tall,images/wiki/akita_0.jpg,False,False,False,False,False,False
19,akita,tall,images/wiki/akita_1.jpg,False,False,False,False,False,False
20,akita,tall,images/wiki/akita_2.jpg,False,False,False,False,False,False
21,akita,tall,images/wiki/akita_3.jpg,False,False,False,False,False,False
22,akita,tall,images/wiki/akita_4.jpg,False,False,False,False,False,False
23,akita,tall,images/wiki/akita_5.jpg,False,False,False,False,False,False
24,akita,tall,images/wiki/akita_6.jpg,False,False,False,False,False,False
25,akita,tall,images/wiki/akita_7.jpg,False,False,False,False,False,False
26,akita,tall,images/wiki/akita_8.jpg,False,False,False,False,False,False
27,akita,tall,images/wiki/akita_9.jpg,False,False,False,False,False,False
28,akita,tall,images/wiki/akita_10.jpg,False,False,False,False,False,False
29,alaskan_malamute,tall,images/wiki/alaskan_malamute_0.jpg,True,False,False,False,False,False
30,alaskan_malamute,tall,images/wiki/alaskan_malamute_1.jpg,True,False,False,False,False,False
31,alaskan_malamute,tall,images/wiki/alaskan_malamute_2.jpg,True,False,False,False,False,False
32,alaskan_malamute,tall,images/wiki/alaskan_malamute_3.jpg,True,False,False,False,False,False
33,alaskan_malamute,tall,images/wiki/alaskan_malamute_4.jpg,True,False,False,False,False,False
34,alaskan_malamute,tall,images/wiki/alaskan_malamute_5.jpg,True,False,False,False,False,False
35,american_bulldog,medium,images/wiki/american_bulldog_0.jpg,False,False,False,False,False,False
37,american_bulldog,medium,images/wiki/american_bulldog_2.jpg,False,False,False,False,False,False
38,american_bulldog,medium,images/wiki/american_bulldog_3.jpg,False,False,False,False,False,False
39,american_bulldog,tall,images/wiki/american_bulldog_4.jpg,False,False,False,False,False,False
55,anatolian_shepherd_dog,tall,images/wiki/anatolian_shepherd_dog_0.jpg,False,False,False,False,False,False
56,anatolian_shepherd_dog,tall,images/wiki/anatolian_shepherd_dog_1.jpg,False,False,False,False,False,False
57,anatolian_shepherd_dog,tall,images/wiki/anatolian_shepherd_dog_2.jpg,False,False,False,False,False,False
119,beauceron,tall,images/wiki/beauceron_0.jpg,True,False,False,True,False,False
120,beauceron,medium,images/wiki/beauceron_1.jpg,True,False,False,True,False,False
121,beauceron,medium,images/wiki/beauceron_2.jpg,True,False,False,True,False,False
133,bernese_mountain_dog,medium,images/wiki/bernese_mountain_dog_0.jpg,True,False,False,False,False,False
134,bernese_mountain_dog,tall,images/wiki/bernese_mountain_dog_1.jpg,True,False,False,False,False,False
135,bernese_mountain_dog,tall,images/wiki/bernese_mountain_dog_2.jpg,True,False,False,False,False,False
136,bernese_mountain_dog,medium,images/wiki/bernese_mountain_dog_3.jpg,True,False,False,False,False,False
137,bernese_mountain_dog,short,images/wiki/bernese_mountain_dog_4.jpg,True,False,False,False,False,False
138,bernese_mountain_dog,x-short,images/wiki/bernese_mountain_dog_5.jpg,True,False,False,False,False,False
139,bernese_mountain_dog,short,images/wiki/bernese_mountain_dog_6.jpg,True,False,False,False,False,False
145,black_and_tan_coonhound,tall,images/wiki/black_and_tan_coonhound_0.jpg,False,False,True,True,False,False
146,black_and_tan_coonhound,tall,images/wiki/black_and_tan_coonhound_1.jpg,False,False,True,True,False,False
147,black_and_tan_coonhound,tall,images/wiki/black_and_tan_coonhound_2.jpg,False,False,True,True,False,False
148,black_russian_terrier,tall,images/wiki/black_russian_terrier_0.jpg,False,False,False,False,True,False
149,black_russian_terrier,tall,images/wiki/black_russian_terrier_1.jpg,False,False,False,False,True,False
150,bloodhound,tall,images/wiki/bloodhound_0.jpg,True,False,False,False,False,False
151,bloodhound,tall,images/wiki/bloodhound_1.jpg,True,False,False,False,False,False
152,bloodhound,tall,images/wiki/bloodhound_2.jpg,True,False,False,False,False,False
153,bloodhound,tall,images/wiki/bloodhound_3.jpg,True,False,False,False,False,False
154,bloodhound,tall,images/wiki/bloodhound_4.jpg,True,False,False,False,False,False
155,bloodhound,tall,images/wiki/bloodhound_5.jpg,True,False,False,False,False,False
156,bloodhound,tall,images/wiki/bloodhound_6.jpg,True,False,False,False,False,False
157,bloodhound,tall,images/wiki/bloodhound_7.jpg,True,False,False,False,False,False
158,bloodhound,tall,images/wiki/bloodhound_8.jpg,True,False,False,False,False,False
160,bluetick_coonhound,medium,images/wiki/bluetick_coonhound_1.jpg,False,False,True,False,False,False
161,boerboel,tall,images/wiki/boerboel_0.jpg,False,False,False,False,False,False
162,boerboel,tall,images/wiki/boerboel_1.jpg,False,False,False,False,False,False
163,boerboel,medium,images/wiki/boerboel_2.jpg,False,False,False,False,False,False
183,borzoi,tall,images/wiki/borzoi_0.jpg,True,False,False,False,False,False
184,borzoi,tall,images/wiki/borzoi_1.jpg,True,False,False,False,False,False
185,borzoi,tall,images/wiki/borzoi_2.jpg,True,False,False,False,False,False
189,borzoi,tall,images/wiki/borzoi_6.jpg,True,False,False,False,False,False
190,borzoi,tall,images/wiki/borzoi_7.jpg,True,False,False,False,False,False
191,borzoi,tall,images/wiki/borzoi_8.jpg,True,False,False,False,False,False
192,borzoi,tall,images/wiki/borzoi_9.jpg,True,False,False,False,False,False
194,borzoi,tall,images/wiki/borzoi_11.jpg,True,False,False,False,False,False
201,bouvier_des_flandres,medium,images/wiki/bouvier_des_flandres_0.jpg,True,False,False,False,False,False
202,bouvier_des_flandres,tall,images/wiki/bouvier_des_flandres_1.jpg,True,False,False,False,False,False
203,bouvier_des_flandres,short,images/wiki/bouvier_des_flandres_2.jpg,True,False,False,False,False,False
204,bouvier_des_flandres,medium,images/wiki/bouvier_des_flandres_3.jpg,True,False,False,False,False,False
205,bouvier_des_flandres,medium,images/wiki/bouvier_des_flandres_4.jpg,True,False,False,False,False,False
206,bouvier_des_flandres,x-short,images/wiki/bouvier_des_flandres_5.jpg,True,False,False,False,False,False
229,briard,tall,images/wiki/briard_0.jpg,False,False,False,False,False,False
231,briard,medium,images/wiki/briard_3.jpg,False,False,False,False,False,False
232,briard,medium,images/wiki/briard_4.jpg,False,False,False,False,False,False
234,broholmer,tall,images/wiki/broholmer_0.jpg,True,False,True,False,False,False
246,bullmastiff,tall,images/wiki/bullmastiff_0.jpg,True,False,True,False,False,False
247,bullmastiff,tall,images/wiki/bullmastiff_1.jpg,True,False,True,False,False,False
248,bullmastiff,tall,images/wiki/bullmastiff_2.jpg,True,False,True,False,False,False
249,bullmastiff,tall,images/wiki/bullmastiff_3.jpg,True,False,True,False,False,False
250,bullmastiff,tall,images/wiki/bullmastiff_4.jpg,True,False,True,False,False,False
251,bullmastiff,tall,images/wiki/bullmastiff_5.jpg,True,False,True,False,False,False
267,catahoula_leopard_dog,medium,images/wiki/catahoula_leopard_dog_0.jpg,False,False,True,False,False,False
268,catahoula_leopard_dog,medium,images/wiki/catahoula_leopard_dog_1.jpg,False,False,True,False,False,False
269,catahoula_leopard_dog,medium,images/wiki/catahoula_leopard_dog_2.jpg,False,False,True,False,False,False
270,caucasian_shepherd_dog,tall,images/wiki/caucasian_shepherd_dog_0.jpg,False,False,True,False,False,False
271,caucasian_shepherd_dog,tall,images/wiki/caucasian_shepherd_dog_1.jpg,False,False,True,False,False,False
272,caucasian_shepherd_dog,tall,images/wiki/caucasian_shepherd_dog_2.jpg,False,False,True,False,False,False
285,central_asian_shepherd_dog,x-short,images/wiki/central_asian_shepherd_dog_0.jpg,False,False,False,False,False,False
286,central_asian_shepherd_dog,medium,images/wiki/central_asian_shepherd_dog_1.jpg,False,False,False,False,False,False
287,central_asian_shepherd_dog,short,images/wiki/central_asian_shepherd_dog_2.jpg,False,False,False,False,False,False
288,central_asian_shepherd_dog,tall,images/wiki/central_asian_shepherd_dog_3.jpg,False,False,False,False,False,False
289,central_asian_shepherd_dog,medium,images/wiki/central_asian_shepherd_dog_4.jpg,False,False,False,False,False,False
290,central_asian_shepherd_dog,medium,images/wiki/central_asian_shepherd_dog_5.jpg,False,False,False,False,False,False
294,chesapeake_bay_retriever,tall,images/wiki/chesapeake_bay_retriever_1.jpg,True,False,False,True,False,False
300,chinook,tall,images/wiki/chinook_0.jpg,False,False,True,False,False,False
305,clumber_spaniel,medium,images/wiki/clumber_spaniel_1.jpg,True,False,False,False,False,False
306,clumber_spaniel,medium,images/wiki/clumber_spaniel_2.jpg,True,False,False,False,False,False
308,clumber_spaniel,medium,images/wiki/clumber_spaniel_4.jpg,True,False,False,False,False,False
309,clumber_spaniel,medium,images/wiki/clumber_spaniel_5.jpg,True,False,False,False,False,False
319,curly_coated_retriever,tall,images/wiki/curly_coated_retriever_0.jpg,False,False,False,False,False,False
344,dogo_argentino,x-short,images/wiki/dogo_argentino_0.jpg,True,False,False,False,False,False
345,dogo_argentino,medium,images/wiki/dogo_argentino_1.jpg,True,False,False,False,False,False
346,dogo_argentino,medium,images/wiki/dogo_argentino_2.jpg,True,False,False,False,False,False
347,dogo_argentino,x-short,images/wiki/dogo_argentino_3.jpg,True,False,False,False,False,False
348,dogue_de_bordeaux,tall,images/wiki/dogue_de_bordeaux_0.jpg,True,False,False,False,False,False
349,dogue_de_bordeaux,tall,images/wiki/dogue_de_bordeaux_1.jpg,True,False,False,False,False,False
350,dogue_de_bordeaux,tall,images/wiki/dogue_de_bordeaux_2.jpg,True,False,False,False,False,False
351,dogue_de_bordeaux,tall,images/wiki/dogue_de_bordeaux_3.jpg,True,False,False,False,False,False
352,dogue_de_bordeaux,tall,images/wiki/dogue_de_bordeaux_4.jpg,True,False,False,False,False,False
353,dogue_de_bordeaux,tall,images/wiki/dogue_de_bordeaux_5.jpg,True,False,False,False,False,False
354,dogue_de_bordeaux,tall,images/wiki/dogue_de_bordeaux_6.jpg,True,False,False,False,False,False
355,dogue_de_bordeaux,tall,images/wiki/dogue_de_bordeaux_7.jpg,True,False,False,False,False,False
356,dogue_de_bordeaux,tall,images/wiki/dogue_de_bordeaux_8.jpg,True,False,False,False,False,False
376,english_setter,tall,images/wiki/english_setter_1.jpg,True,False,False,False,False,False
377,english_setter,tall,images/wiki/english_setter_2.jpg,True,False,False,False,False,False
384,estrela_mountain_dog,medium,images/wiki/estrela_mountain_dog_0.jpg,False,False,True,False,False,False
385,estrela_mountain_dog,x-short,images/wiki/estrela_mountain_dog_1.jpg,False,False,True,False,False,False
386,estrela_mountain_dog,medium,images/wiki/estrela_mountain_dog_2.jpg,False,False,True,False,False,False
387,estrela_mountain_dog,medium,images/wiki/estrela_mountain_dog_3.jpg,False,False,True,False,False,False
388,estrela_mountain_dog,medium,images/wiki/estrela_mountain_dog_4.jpg,False,False,True,False,False,False
406,german_longhaired_pointer,tall,images/wiki/german_longhaired_pointer_0.jpg,True,False,False,False,False,False
420,giant_schnauzer,x-short,images/wiki/giant_schnauzer_0.jpg,False,False,True,True,False,False
421,giant_schnauzer,tall,images/wiki/giant_schnauzer_1.jpg,False,False,True,True,False,False
431,golden_retriever,medium,images/wiki/golden_retriever_6.jpg,True,False,True,False,False,False
432,golden_retriever,short,images/wiki/golden_retriever_7.jpg,True,False,True,False,False,False
441,great_dane,tall,images/wiki/great_dane_0.jpg,True,False,True,False,False,False
442,great_dane,tall,images/wiki/great_dane_1.jpg,True,False,True,False,False,False
443,great_dane,tall,images/wiki/great_dane_2.jpg,True,False,True,False,False,False
444,great_dane,x-tall,images/wiki/great_dane_3.jpg,True,False,True,False,False,False
445,great_dane,tall,images/wiki/great_dane_4.jpg,True,False,True,False,False,False
446,great_dane,tall,images/wiki/great_dane_5.jpg,True,False,True,False,False,False
447,great_dane,tall,images/wiki/great_dane_6.jpg,True,False,True,False,False,False
448,great_pyrenees,tall,images/wiki/great_pyrenees_0.jpg,False,False,False,False,False,False
449,great_pyrenees,tall,images/wiki/great_pyrenees_1.jpg,False,False,False,False,False,False
450,great_pyrenees,x-tall,images/wiki/great_pyrenees_2.jpg,False,False,False,False,False,False
451,great_pyrenees,tall,images/wiki/great_pyrenees_3.jpg,False,False,False,False,False,False
452,greater_swiss_mountain_dog,tall,images/wiki/greater_swiss_mountain_dog_0.jpg,True,False,True,False,False,False
453,greater_swiss_mountain_dog,medium,images/wiki/greater_swiss_mountain_dog_1.jpg,True,False,True,False,False,False
454,greater_swiss_mountain_dog,x-short,images/wiki/greater_swiss_mountain_dog_2.jpg,True,False,True,False,False,False
455,greater_swiss_mountain_dog,medium,images/wiki/greater_swiss_mountain_dog_4.jpg,True,False,True,False,False,False
456,greater_swiss_mountain_dog,medium,images/wiki/greater_swiss_mountain_dog_5.jpg,True,False,True,False,False,False
457,greater_swiss_mountain_dog,medium,images/wiki/greater_swiss_mountain_dog_6.jpg,True,False,True,False,False,False
458,greater_swiss_mountain_dog,x-short,images/wiki/greater_swiss_mountain_dog_7.jpg,True,False,True,False,False,False
459,greater_swiss_mountain_dog,short,images/wiki/greater_swiss_mountain_dog_8.jpg,True,False,True,False,False,False
460,greater_swiss_mountain_dog,tall,images/wiki/greater_swiss_mountain_dog_9.jpg,True,False,True,False,False,False
472,hamiltonstovare,medium,images/wiki/hamiltonstovare_0.jpg,False,False,False,False,True,False
475,hovawart,tall,images/wiki/hovawart_0.jpg,False,False,True,False,False,False
479,hovawart,tall,images/wiki/hovawart_4.jpg,False,False,True,False,False,False
480,hovawart,tall,images/wiki/hovawart_5.jpg,False,False,True,False,False,False
503,irish_wolfhound,x-tall,images/wiki/irish_wolfhound_0.jpg,False,False,False,False,False,False
504,irish_wolfhound,x-tall,images/wiki/irish_wolfhound_1.jpg,False,False,False,False,False,False
505,irish_wolfhound,x-tall,images/wiki/irish_wolfhound_2.jpg,False,False,False,False,False,False
506,irish_wolfhound,x-tall,images/wiki/irish_wolfhound_3.jpg,False,False,False,False,False,False
507,irish_wolfhound,x-tall,images/wiki/irish_wolfhound_4.jpg,False,False,False,False,False,False
508,irish_wolfhound,x-tall,images/wiki/irish_wolfhound_5.jpg,False,False,False,False,False,False
509,irish_wolfhound,x-tall,images/wiki/irish_wolfhound_6.jpg,False,False,False,False,False,False
510,irish_wolfhound,x-tall,images/wiki/irish_wolfhound_7.jpg,False,False,False,False,False,False
511,irish_wolfhound,x-tall,images/wiki/irish_wolfhound_8.jpg,False,False,False,False,False,False
512,irish_wolfhound,x-tall,images/wiki/irish_wolfhound_9.jpg,False,False,False,False,False,False
539,komondor,x-short,images/wiki/komondor_0.jpg,False,False,True,False,False,False
540,komondor,medium,images/wiki/komondor_1.jpg,False,False,True,False,False,False
541,komondor,short,images/wiki/komondor_2.jpg,False,False,True,False,False,False
542,komondor,x-short,images/wiki/komondor_3.jpg,False,False,True,False,False,False
546,kuvasz,tall,images/wiki/kuvasz_0.jpg,True,False,True,False,False,False
547,labrador_retriever,medium,images/wiki/labrador_retriever_0.jpg,True,False,False,False,False,False
548,labrador_retriever,short,images/wiki/labrador_retriever_1.jpg,True,False,False,False,False,False
550,labrador_retriever,short,images/wiki/labrador_retriever_3.jpg,True,False,False,False,False,False
552,labrador_retriever,medium,images/wiki/labrador_retriever_5.jpg,True,False,False,False,False,False
555,labrador_retriever,medium,images/wiki/labrador_retriever_8.jpg,True,False,False,False,False,False
561,labrador_retriever,x-short,images/wiki/labrador_retriever_14.jpg,True,False,False,False,False,False
572,leonberger,x-short,images/wiki/leonberger_0.jpg,True,False,False,False,False,False
573,leonberger,short,images/wiki/leonberger_1.jpg,True,False,False,False,False,False
574,leonberger,medium,images/wiki/leonberger_2.jpg,True,False,False,False,False,False
575,leonberger,medium,images/wiki/leonberger_3.jpg,True,False,False,False,False,False
612,neapolitan_mastiff,tall,images/wiki/neapolitan_mastiff_0.jpg,False,False,True,False,False,False
613,neapolitan_mastiff,tall,images/wiki/neapolitan_mastiff_1.jpg,False,False,True,False,False,False
614,neapolitan_mastiff,tall,images/wiki/neapolitan_mastiff_2.jpg,False,False,True,False,False,False
615,newfoundland,tall,images/wiki/newfoundland_0.jpg,True,False,True,False,False,False
616,newfoundland,tall,images/wiki/newfoundland_1.jpg,True,False,True,False,False,False
617,newfoundland,tall,images/wiki/newfoundland_2.jpg,True,False,True,False,False,False
618,newfoundland,tall,images/wiki/newfoundland_3.jpg,True,False,True,False,False,False
619,newfoundland,tall,images/wiki/newfoundland_4.jpg,True,False,True,False,False,False
620,newfoundland,tall,images/wiki/newfoundland_5.jpg,True,False,True,False,False,False
621,newfoundland,tall,images/wiki/newfoundland_6.jpg,True,False,True,False,False,False
622,newfoundland,tall,images/wiki/newfoundland_7.jpg,True,False,True,False,False,False
623,newfoundland,tall,images/wiki/newfoundland_8.jpg,True,False,True,False,False,False
624,newfoundland,tall,images/wiki/newfoundland_9.jpg,True,False,True,False,False,False
625,newfoundland,tall,images/wiki/newfoundland_10.jpg,True,False,True,False,False,False
626,newfoundland,tall,images/wiki/newfoundland_11.jpg,True,False,True,False,False,False
649,old_english_sheepdog,medium,images/wiki/old_english_sheepdog_0.jpg,True,False,False,False,False,False
650,old_english_sheepdog,medium,images/wiki/old_english_sheepdog_1.jpg,True,False,False,False,False,False
651,otterhound,tall,images/wiki/otterhound_0.jpg,False,False,False,False,False,False
652,otterhound,tall,images/wiki/otterhound_1.jpg,False,False,False,False,False,False
653,otterhound,tall,images/wiki/otterhound_2.jpg,False,False,False,False,False,False
678,perro_de_presa_canario,tall,images/wiki/perro_de_presa_canario_0.jpg,False,False,False,False,False,False
679,perro_de_presa_canario,tall,images/wiki/perro_de_presa_canario_1.jpg,False,False,False,False,False,False
680,perro_de_presa_canario,medium,images/wiki/perro_de_presa_canario_2.jpg,False,False,False,False,False,False
725,pyrenean_mastiff,tall,images/wiki/pyrenean_mastiff_0.jpg,True,False,True,False,False,False
726,pyrenean_mastiff,x-tall,images/wiki/pyrenean_mastiff_1.jpg,True,False,True,False,False,False
734,rafeiro_do_alentejo,tall,images/wiki/rafeiro_do_alentejo_0.jpg,False,False,False,False,True,False
744,rhodesian_ridgeback,tall,images/wiki/rhodesian_ridgeback_0.jpg,True,False,False,False,False,False
745,rhodesian_ridgeback,tall,images/wiki/rhodesian_ridgeback_1.jpg,True,False,False,False,False,False
746,rhodesian_ridgeback,tall,images/wiki/rhodesian_ridgeback_2.jpg,True,False,False,False,False,False
747,rhodesian_ridgeback,tall,images/wiki/rhodesian_ridgeback_3.jpg,True,False,False,False,False,False
748,rhodesian_ridgeback,tall,images/wiki/rhodesian_ridgeback_4.jpg,True,False,False,False,False,False
749,rhodesian_ridgeback,tall,images/wiki/rhodesian_ridgeback_5.jpg,True,False,False,False,False,False
750,rhodesian_ridgeback,tall,images/wiki/rhodesian_ridgeback_6.jpg,True,False,False,False,False,False
751,rhodesian_ridgeback,tall,images/wiki/rhodesian_ridgeback_7.jpg,True,False,False,False,False,False
752,rhodesian_ridgeback,tall,images/wiki/rhodesian_ridgeback_8.jpg,True,False,False,False,False,False
753,romanian_mioritic_shepherd_dog,x-short,images/wiki/romanian_mioritic_shepherd_dog_0.jpg,False,False,True,False,False,False
754,rottweiler,medium,images/wiki/rottweiler_0.jpg,False,False,True,False,False,False
755,rottweiler,medium,images/wiki/rottweiler_1.jpg,False,False,True,False,False,False
756,rottweiler,tall,images/wiki/rottweiler_2.jpg,False,False,True,False,False,False
757,rottweiler,tall,images/wiki/rottweiler_3.jpg,False,False,True,False,False,False
758,rottweiler,tall,images/wiki/rottweiler_4.jpg,False,False,True,False,False,False
759,rottweiler,medium,images/wiki/rottweiler_5.jpg,False,False,True,False,False,False
760,rottweiler,medium,images/wiki/rottweiler_6.jpg,False,False,True,False,False,False
782,scottish_deerhound,x-tall,images/wiki/scottish_deerhound_0.jpg,True,False,False,False,False,True
783,scottish_deerhound,x-tall,images/wiki/scottish_deerhound_1.jpg,True,False,False,False,False,True
784,scottish_deerhound,x-tall,images/wiki/scottish_deerhound_2.jpg,True,False,False,False,False,True
840,spanish_mastiff,x-tall,images/wiki/spanish_mastiff_0.jpg,True,False,False,False,False,False
841,spanish_mastiff,tall,images/wiki/spanish_mastiff_1.jpg,True,False,False,False,False,False
842,spanish_mastiff,tall,images/wiki/spanish_mastiff_2.jpg,True,False,False,False,False,False
843,spanish_mastiff,x-tall,images/wiki/spanish_mastiff_3.jpg,True,False,False,False,False,False
890,tibetan_mastiff,tall,images/wiki/tibetan_mastiff_0.jpg,False,False,False,False,False,False
891,tibetan_mastiff,tall,images/wiki/tibetan_mastiff_1.jpg,False,False,False,False,False,False
892,tibetan_mastiff,tall,images/wiki/tibetan_mastiff_2.jpg,False,False,False,False,False,False
893,tibetan_mastiff,tall,images/wiki/tibetan_mastiff_3.jpg,False,False,False,False,False,False
894,tibetan_mastiff,tall,images/wiki/tibetan_mastiff_4.jpg,False,False,False,False,False,False
895,tibetan_mastiff,tall,images/wiki/tibetan_mastiff_5.jpg,False,False,False,False,False,False
896,tibetan_mastiff,tall,images/wiki/tibetan_mastiff_6.jpg,False,False,False,False,False,False
897,tibetan_mastiff,tall,images/wiki/tibetan_mastiff_7.jpg,False,False,False,False,False,False
904,tornjak,tall,images/wiki/tornjak_0.jpg,True,False,False,False,False,False
905,tornjak,tall,images/wiki/tornjak_1.jpg,True,False,False,False,False,False
906,tosa,x-short,images/wiki/tosa_0.jpg,False,False,True,False,False,False
907,tosa,short,images/wiki/tosa_1.jpg,False,False,True,False,False,False
908,tosa,medium,images/wiki/tosa_2.jpg,False,False,True,False,False,False
923,weimaraner,tall,images/wiki/weimaraner_0.jpg,True,False,True,True,False,False
924,weimaraner,tall,images/wiki/weimaraner_1.jpg,True,False,True,True,False,False
925,weimaraner,tall,images/wiki/weimaraner_2.jpg,True,False,True,True,False,False
926,weimaraner,tall,images/wiki/weimaraner_3.jpg,True,False,True,True,False,False
