dog_id,breed_name,height,image_path,is_friendly,is_playful,is_protective,is_fast_learner,is_athletic,is_graceful
0,affenpinscher,x-short,images/wiki/affenpinscher_0.jpg,False,True,True,False,False,False
1,affenpinscher,x-short,images/wiki/affenpinscher_1.jpg,False,True,True,False,False,False
42,american_eskimo_dog,short,images/wiki/american_eskimo_dog_0.jpg,False,False,False,False,False,False
44,american_eskimo_dog,medium,images/wiki/american_eskimo_dog_2.jpg,False,False,False,False,False,False
78,australian_terrier,short,images/wiki/australian_terrier_0.jpg,True,False,False,False,True,False
79,australian_terrier,short,images/wiki/australian_terrier_1.jpg,True,False,False,False,True,False
80,australian_terrier,short,images/wiki/australian_terrier_2.jpg,True,False,False,False,True,False
103,beagle,short,images/wiki/beagle_0.jpg,True,False,False,False,False,False
107,beagle,short,images/wiki/beagle_4.jpg,True,False,False,False,False,False
108,beagle,short,images/wiki/beagle_5.jpg,True,False,False,False,False,False
110,beagle,short,images/wiki/beagle_7.jpg,True,False,False,False,False,False
111,beagle,short,images/wiki/beagle_8.jpg,True,False,False,False,False,False
114,beagle,short,images/wiki/beagle_11.jpg,True,False,False,False,False,False
122,bedlington_terrier,short,images/wiki/bedlington_terrier_0.jpg,True,False,False,False,False,False
123,bedlington_terrier,medium,images/wiki/bedlington_terrier_1.jpg,True,False,False,False,False,False
125,bedlington_terrier,x-short,images/wiki/bedlington_terrier_3.jpg,True,False,False,False,False,False
128,bedlington_terrier,x-short,images/wiki/bedlington_terrier_6.jpg,True,False,False,False,False,False
140,bichon_frise,x-short,images/wiki/bichon_frise_0.jpg,False,False,False,False,False,False
141,bichon_frise,x-short,images/wiki/bichon_frise_1.jpg,False,False,False,False,False,False
142,bichon_frise,x-short,images/wiki/bichon_frise_2.jpg,False,False,False,False,False,False
143,bichon_frise,x-short,images/wiki/bichon_frise_3.jpg,False,False,False,False,False,False
144,bichon_frise,x-short,images/wiki/bichon_frise_4.jpg,False,False,False,False,False,False
165,bolognese,short,images/wiki/bolognese_0.jpg,False,False,True,False,False,False
177,border_terrier,short,images/wiki/border_terrier_0.jpg,True,False,False,False,False,False
178,border_terrier,short,images/wiki/border_terrier_1.jpg,True,False,False,False,False,False
179,border_terrier,short,images/wiki/border_terrier_2.jpg,True,False,False,False,False,False
180,border_terrier,short,images/wiki/border_terrier_3.jpg,True,False,False,False,False,False
181,border_terrier,short,images/wiki/border_terrier_4.jpg,True,False,False,False,False,False
182,border_terrier,short,images/wiki/border_terrier_5.jpg,True,False,False,False,False,False
195,boston_terrier,medium,images/wiki/boston_terrier_0.jpg,True,False,False,True,False,False
196,boston_terrier,medium,images/wiki/boston_terrier_1.jpg,True,False,False,True,False,False
197,boston_terrier,medium,images/wiki/boston_terrier_2.jpg,True,False,False,True,False,False
198,boston_terrier,medium,images/wiki/boston_terrier_3.jpg,True,False,False,True,False,False
199,boston_terrier,medium,images/wiki/boston_terrier_4.jpg,True,False,False,True,False,False
200,boston_terrier,medium,images/wiki/boston_terrier_5.jpg,True,False,False,True,False,False
252,cairn_terrier,x-short,images/wiki/cairn_terrier_0.jpg,True,False,True,False,False,False
253,cairn_terrier,x-short,images/wiki/cairn_terrier_1.jpg,True,False,True,False,False,False
254,cairn_terrier,x-short,images/wiki/cairn_terrier_2.jpg,True,False,True,False,False,False
255,cairn_terrier,x-short,images/wiki/cairn_terrier_3.jpg,True,False,True,False,False,False
256,cairn_terrier,x-short,images/wiki/cairn_terrier_4.jpg,True,False,True,False,False,False
257,cairn_terrier,x-short,images/wiki/cairn_terrier_5.jpg,True,False,True,False,False,False
258,cairn_terrier,x-short,images/wiki/cairn_terrier_6.jpg,True,False,True,False,False,False
273,cavalier_king_charles_spaniel,short,images/wiki/cavalier_king_charles_spaniel_0.jpg,True,False,False,False,False,True
274,cavalier_king_charles_spaniel,short,images/wiki/cavalier_king_charles_spaniel_1.jpg,True,False,False,False,False,True
275,cavalier_king_charles_spaniel,short,images/wiki/cavalier_king_charles_spaniel_2.jpg,True,False,False,False,False,True
276,cavalier_king_charles_spaniel,short,images/wiki/cavalier_king_charles_spaniel_3.jpg,True,False,False,False,False,True
277,cavalier_king_charles_spaniel,short,images/wiki/cavalier_king_charles_spaniel_4.jpg,True,False,False,False,False,True
278,cavalier_king_charles_spaniel,short,images/wiki/cavalier_king_charles_spaniel_5.jpg,True,False,False,False,False,True
279,cavalier_king_charles_spaniel,short,images/wiki/cavalier_king_charles_spaniel_6.jpg,True,False,False,False,False,True
280,cavalier_king_charles_spaniel,short,images/wiki/cavalier_king_charles_spaniel_7.jpg,True,False,False,False,False,True
281,cavalier_king_charles_spaniel,short,images/wiki/cavalier_king_charles_spaniel_8.jpg,True,False,False,False,False,True
282,cavalier_king_charles_spaniel,short,images/wiki/cavalier_king_charles_spaniel_9.jpg,True,False,False,False,False,True
283,cavalier_king_charles_spaniel,short,images/wiki/cavalier_king_charles_spaniel_10.jpg,True,False,False,False,False,True
284,cavalier_king_charles_spaniel,short,images/wiki/cavalier_king_charles_spaniel_11.jpg,True,False,False,False,False,True
291,cesky_terrier,short,images/wiki/cesky_terrier_0.jpg,True,False,False,False,False,False
296,chihuahua,x-short,images/wiki/chihuahua_0.jpg,True,False,False,False,False,True
297,chihuahua,x-short,images/wiki/chihuahua_1.jpg,True,False,False,False,False,True
298,chihuahua,x-short,images/wiki/chihuahua_2.jpg,True,False,False,False,False,True
299,chihuahua,x-short,images/wiki/chihuahua_3.jpg,True,False,False,False,False,True
311,coton_de_tulear,x-short,images/wiki/coton_de_tulear_0.jpg,True,False,False,True,False,False
312,coton_de_tulear,x-short,images/wiki/coton_de_tulear_1.jpg,True,False,False,True,False,False
313,coton_de_tulear,x-short,images/wiki/coton_de_tulear_2.jpg,True,False,False,True,False,False
314,coton_de_tulear,x-short,images/wiki/coton_de_tulear_3.jpg,True,False,False,True,False,False
315,coton_de_tulear,short,images/wiki/coton_de_tulear_4.jpg,True,False,False,True,False,False
320,dachshund,x-short,images/wiki/dachshund_0.jpg,True,False,False,False,False,False
322,dachshund,x-short,images/wiki/dachshund_2.jpg,True,False,False,False,False,False
324,dachshund,x-short,images/wiki/dachshund_4.jpg,True,False,False,False,False,False
325,dachshund,x-short,images/wiki/dachshund_5.jpg,True,False,False,False,False,False
326,dachshund,x-short,images/wiki/dachshund_6.jpg,True,False,False,False,False,False
327,dachshund,x-short,images/wiki/dachshund_7.jpg,True,False,False,False,False,False
328,dachshund,x-short,images/wiki/dachshund_8.jpg,True,False,False,False,False,False
329,dachshund,x-short,images/wiki/dachshund_9.jpg,True,False,False,False,False,False
330,dachshund,x-short,images/wiki/dachshund_10.jpg,True,False,False,False,False,False
332,dachshund,x-short,images/wiki/dachshund_12.jpg,True,False,False,False,False,False
333,dachshund,x-short,images/wiki/dachshund_13.jpg,True,False,False,False,False,False
334,dachshund,x-short,images/wiki/dachshund_14.jpg,True,False,False,False,False,False
342,dandie_dinmont_terrier,short,images/wiki/dandie_dinmont_terrier_1.jpg,False,False,False,False,False,False
343,dandie_dinmont_terrier,short,images/wiki/dandie_dinmont_terrier_2.jpg,False,False,False,False,False,False
513,italian_greyhound,short,images/wiki/italian_greyhound_0.jpg,False,False,True,False,False,False
514,italian_greyhound,short,images/wiki/italian_greyhound_1.jpg,False,False,True,False,False,False
515,italian_greyhound,short,images/wiki/italian_greyhound_2.jpg,False,False,True,False,False,False
517,japanese_chin,short,images/wiki/japanese_chin_0.jpg,True,False,False,False,False,False
518,japanese_chin,x-short,images/wiki/japanese_chin_1.jpg,True,False,False,False,False,False
519,japanese_chin,short,images/wiki/japanese_chin_2.jpg,True,False,False,False,False,False
520,japanese_chin,x-short,images/wiki/japanese_chin_3.jpg,True,False,False,False,False,False
521,japanese_spitz,short,images/wiki/japanese_spitz_0.jpg,False,False,False,False,False,False
522,japanese_spitz,short,images/wiki/japanese_spitz_1.jpg,False,False,False,False,False,False
524,japanese_spitz,short,images/wiki/japanese_spitz_3.jpg,False,False,False,False,False,False
525,japanese_spitz,short,images/wiki/japanese_spitz_4.jpg,False,False,False,False,False,False
565,lakeland_terrier,short,images/wiki/lakeland_terrier_0.jpg,True,False,False,False,False,False
566,lakeland_terrier,short,images/wiki/lakeland_terrier_1.jpg,True,False,False,False,False,False
567,lakeland_terrier,short,images/wiki/lakeland_terrier_2.jpg,True,False,False,False,False,False
568,lancashire_heeler,short,images/wiki/lancashire_heeler_0.jpg,True,False,False,False,False,False
569,lancashire_heeler,short,images/wiki/lancashire_heeler_1.jpg,True,False,False,False,False,False
570,lancashire_heeler,short,images/wiki/lancashire_heeler_2.jpg,True,False,False,False,False,False
576,lhasa_apso,short,images/wiki/lhasa_apso_0.jpg,False,True,False,False,False,False
577,lhasa_apso,short,images/wiki/lhasa_apso_1.jpg,False,True,False,False,False,False
578,lhasa_apso,short,images/wiki/lhasa_apso_2.jpg,False,True,False,False,False,False
579,lhasa_apso,short,images/wiki/lhasa_apso_3.jpg,False,True,False,False,False,False
580,lhasa_apso,short,images/wiki/lhasa_apso_4.jpg,False,True,False,False,False,False
581,lhasa_apso,short,images/wiki/lhasa_apso_5.jpg,False,True,False,False,False,False
582,lhasa_apso,short,images/wiki/lhasa_apso_6.jpg,False,True,False,False,False,False
583,lowchen,short,images/wiki/lowchen_0.jpg,True,False,False,False,False,False
584,lowchen,short,images/wiki/lowchen_1.jpg,True,False,False,False,False,False
585,lowchen,short,images/wiki/lowchen_2.jpg,True,False,False,False,False,False
586,lowchen,short,images/wiki/lowchen_3.jpg,True,False,False,False,False,False
587,lowchen,short,images/wiki/lowchen_4.jpg,True,False,False,False,False,False
588,lowchen,short,images/wiki/lowchen_5.jpg,True,False,False,False,False,False
589,lowchen,short,images/wiki/lowchen_6.jpg,True,False,False,False,False,False
590,lowchen,short,images/wiki/lowchen_7.jpg,True,False,False,False,False,False
591,maltese,x-short,images/wiki/maltese_0.jpg,True,False,False,False,False,False
592,maltese,x-short,images/wiki/maltese_1.jpg,True,False,False,False,False,False
593,maltese,x-short,images/wiki/maltese_2.jpg,True,False,False,False,False,False
594,maltese,x-short,images/wiki/maltese_3.jpg,True,False,False,False,False,False
598,miniature_bull_terrier,short,images/wiki/miniature_bull_terrier_2.jpg,False,True,False,False,False,False
599,miniature_pinscher,x-short,images/wiki/miniature_pinscher_0.jpg,False,False,True,False,False,False
600,miniature_pinscher,x-short,images/wiki/miniature_pinscher_1.jpg,False,False,True,False,False,False
601,miniature_pinscher,x-short,images/wiki/miniature_pinscher_2.jpg,False,False,True,False,False,False
602,miniature_pinscher,short,images/wiki/miniature_pinscher_3.jpg,False,False,True,False,False,False
603,miniature_schnauzer,short,images/wiki/miniature_schnauzer_0.jpg,True,False,False,True,False,False
604,miniature_schnauzer,short,images/wiki/miniature_schnauzer_1.jpg,True,False,False,True,False,False
605,miniature_schnauzer,short,images/wiki/miniature_schnauzer_2.jpg,True,False,False,True,False,False
606,miniature_schnauzer,short,images/wiki/miniature_schnauzer_3.jpg,True,False,False,True,False,False
607,miniature_schnauzer,short,images/wiki/miniature_schnauzer_4.jpg,True,False,False,True,False,False
608,miniature_schnauzer,short,images/wiki/miniature_schnauzer_5.jpg,True,False,False,True,False,False
610,mudi,x-short,images/wiki/mudi_0.jpg,False,False,False,False,False,False
627,norfolk_terrier,x-short,images/wiki/norfolk_terrier_0.jpg,False,False,True,False,False,False
628,norfolk_terrier,x-short,images/wiki/norfolk_terrier_1.jpg,False,False,True,False,False,False
629,norfolk_terrier,x-short,images/wiki/norfolk_terrier_2.jpg,False,False,True,False,False,False
630,norfolk_terrier,x-short,images/wiki/norfolk_terrier_3.jpg,False,False,True,False,False,False
640,norwich_terrier,x-short,images/wiki/norwich_terrier_0.jpg,True,False,True,False,False,False
641,norwich_terrier,x-short,images/wiki/norwich_terrier_1.jpg,True,False,True,False,False,False
642,norwich_terrier,x-short,images/wiki/norwich_terrier_2.jpg,True,False,True,False,False,False
643,norwich_terrier,x-short,images/wiki/norwich_terrier_3.jpg,True,False,True,False,False,False
644,norwich_terrier,x-short,images/wiki/norwich_terrier_4.jpg,True,False,True,False,False,False
654,papillon,x-short,images/wiki/papillon_0.jpg,True,False,True,False,False,False
655,papillon,x-short,images/wiki/papillon_1.jpg,True,False,True,False,False,False
656,papillon,short,images/wiki/papillon_2.jpg,True,False,True,False,False,False
657,papillon,x-short,images/wiki/papillon_3.jpg,True,False,True,False,False,False
658,papillon,short,images/wiki/papillon_4.jpg,True,False,True,False,False,False
659,papillon,x-short,images/wiki/papillon_5.jpg,True,False,True,False,False,False
660,papillon,x-short,images/wiki/papillon_6.jpg,True,False,True,False,False,False
661,parson_russell_terrier,short,images/wiki/parson_russell_terrier_0.jpg,True,False,False,False,True,False
662,parson_russell_terrier,short,images/wiki/parson_russell_terrier_1.jpg,True,False,False,False,True,False
663,pekingese,x-short,images/wiki/pekingese_0.jpg,True,False,False,False,False,False
664,pekingese,x-short,images/wiki/pekingese_1.jpg,True,False,False,False,False,False
665,pekingese,x-short,images/wiki/pekingese_2.jpg,True,False,False,False,False,False
666,pekingese,x-short,images/wiki/pekingese_3.jpg,True,False,False,False,False,False
667,pekingese,x-short,images/wiki/pekingese_4.jpg,True,False,False,False,False,False
668,pekingese,x-short,images/wiki/pekingese_5.jpg,True,False,False,False,False,False
669,pekingese,x-short,images/wiki/pekingese_6.jpg,True,False,False,False,False,False
670,pekingese,x-short,images/wiki/pekingese_7.jpg,True,False,False,False,False,False
671,pekingese,x-short,images/wiki/pekingese_8.jpg,True,False,False,False,False,False
672,pekingese,x-short,images/wiki/pekingese_9.jpg,True,False,False,False,False,False
673,pekingese,x-short,images/wiki/pekingese_10.jpg,True,False,False,False,False,False
691,pomeranian,x-short,images/wiki/pomeranian_0.jpg,False,False,False,False,True,False
692,pomeranian,x-short,images/wiki/pomeranian_1.jpg,False,False,False,False,True,False
693,pomeranian,x-short,images/wiki/pomeranian_2.jpg,False,False,False,False,True,False
694,pomeranian,x-short,images/wiki/pomeranian_3.jpg,False,False,False,False,True,False
717,pug,short,images/wiki/pug_0.jpg,True,True,False,False,False,False
718,pug,short,images/wiki/pug_1.jpg,True,True,False,False,False,False
719,pug,short,images/wiki/pug_2.jpg,True,True,False,False,False,False
720,pug,short,images/wiki/pug_3.jpg,True,True,False,False,False,False
721,pug,short,images/wiki/pug_4.jpg,True,True,False,False,False,False
722,pug,short,images/wiki/pug_5.jpg,True,True,False,False,False,False
728,pyrenean_shepherd,short,images/wiki/pyrenean_shepherd_1.jpg,True,False,False,False,False,False
729,pyrenean_shepherd,medium,images/wiki/pyrenean_shepherd_2.jpg,True,False,False,False,False,False
732,pyrenean_shepherd,short,images/wiki/pyrenean_shepherd_5.jpg,True,False,False,False,False,False
733,pyrenean_shepherd,x-short,images/wiki/pyrenean_shepherd_6.jpg,True,False,False,False,False,False
736,rat_terrier,medium,images/wiki/rat_terrier_1.jpg,True,False,False,False,False,False
737,rat_terrier,medium,images/wiki/rat_terrier_2.jpg,True,False,False,False,False,False
761,russell_terrier,short,images/wiki/russell_terrier_0.jpg,False,False,True,False,True,False
762,russell_terrier,short,images/wiki/russell_terrier_1.jpg,False,False,True,False,True,False
778,schipperke,short,images/wiki/schipperke_0.jpg,False,False,True,False,False,False
779,schipperke,short,images/wiki/schipperke_1.jpg,False,False,True,False,False,False
780,schipperke,short,images/wiki/schipperke_2.jpg,False,False,True,False,False,False
781,schipperke,short,images/wiki/schipperke_3.jpg,False,False,True,False,False,False
787,scottish_terrier,x-short,images/wiki/scottish_terrier_2.jpg,False,False,False,False,True,False
788,scottish_terrier,x-short,images/wiki/scottish_terrier_3.jpg,False,False,False,False,True,False
790,scottish_terrier,x-short,images/wiki/scottish_terrier_5.jpg,False,False,False,False,True,False
800,shetland_sheepdog,short,images/wiki/shetland_sheepdog_1.jpg,False,False,False,True,False,False
801,shetland_sheepdog,short,images/wiki/shetland_sheepdog_2.jpg,False,False,False,True,False,False
802,shetland_sheepdog,short,images/wiki/shetland_sheepdog_3.jpg,False,False,False,True,False,False
803,shetland_sheepdog,medium,images/wiki/shetland_sheepdog_4.jpg,False,False,False,True,False,False
804,shetland_sheepdog,medium,images/wiki/shetland_sheepdog_5.jpg,False,False,False,True,False,False
810,shih_tzu,x-short,images/wiki/shih_tzu_0.jpg,True,False,False,False,False,False
811,shih_tzu,x-short,images/wiki/shih_tzu_1.jpg,True,False,False,False,False,False
812,shih_tzu,x-short,images/wiki/shih_tzu_2.jpg,True,False,False,False,False,False
813,shih_tzu,x-short,images/wiki/shih_tzu_3.jpg,True,False,False,False,False,False
814,shih_tzu,x-short,images/wiki/shih_tzu_4.jpg,True,False,False,False,False,False
815,shih_tzu,x-short,images/wiki/shih_tzu_5.jpg,True,False,False,False,False,False
816,shih_tzu,x-short,images/wiki/shih_tzu_6.jpg,True,False,False,False,False,False
817,shih_tzu,x-short,images/wiki/shih_tzu_7.jpg,True,False,False,False,False,False
818,shih_tzu,x-short,images/wiki/shih_tzu_8.jpg,True,False,False,False,False,False
838,smooth_fox_terrier,short,images/wiki/smooth_fox_terrier_0.jpg,True,False,False,False,False,False
839,smooth_fox_terrier,short,images/wiki/smooth_fox_terrier_1.jpg,True,False,False,False,False,False
883,teddy_roosevelt_terrier,short,images/wiki/teddy_roosevelt_terrier_0.jpg,False,False,False,False,False,False
898,tibetan_spaniel,x-short,images/wiki/tibetan_spaniel_0.jpg,False,False,False,True,False,False
899,tibetan_spaniel,x-short,images/wiki/tibetan_spaniel_1.jpg,False,False,False,True,False,False
900,tibetan_spaniel,x-short,images/wiki/tibetan_spaniel_2.jpg,False,False,False,True,False,False
901,tibetan_spaniel,x-short,images/wiki/tibetan_spaniel_3.jpg,False,False,False,True,False,False
903,tibetan_terrier,short,images/wiki/tibetan_terrier_1.jpg,True,False,False,False,False,False
909,toy_fox_terrier,x-short,images/wiki/toy_fox_terrier_0.jpg,True,False,True,False,False,False
910,toy_fox_terrier,x-short,images/wiki/toy_fox_terrier_1.jpg,True,False,True,False,False,False
934,welsh_terrier,short,images/wiki/welsh_terrier_0.jpg,True,False,False,False,True,False
935,welsh_terrier,short,images/wiki/welsh_terrier_1.jpg,True,False,False,False,True,False
936,welsh_terrier,short,images/wiki/welsh_terrier_2.jpg,True,False,False,False,True,False
937,west_highland_white_terrier,short,images/wiki/west_highland_white_terrier_0.jpg,True,False,False,False,False,False
938,west_highland_white_terrier,short,images/wiki/west_highland_white_terrier_1.jpg,True,False,False,False,False,False
939,west_highland_white_terrier,short,images/wiki/west_highland_white_terrier_2.jpg,True,False,False,False,False,False
940,west_highland_white_terrier,short,images/wiki/west_highland_white_terrier_3.jpg,True,False,False,False,False,False
941,west_highland_white_terrier,short,images/wiki/west_highland_white_terrier_4.jpg,True,False,False,False,False,False
942,west_highland_white_terrier,short,images/wiki/west_highland_white_terrier_5.jpg,True,False,False,False,False,False
943,west_highland_white_terrier,short,images/wiki/west_highland_white_terrier_6.jpg,True,False,False,False,False,False
949,wire_fox_terrier,short,images/wiki/wire_fox_terrier_0.jpg,False,False,True,False,False,False
950,wire_fox_terrier,short,images/wiki/wire_fox_terrier_1.jpg,False,False,True,False,False,False
951,wire_fox_terrier,short,images/wiki/wire_fox_terrier_2.jpg,False,False,True,False,False,False
952,wire_fox_terrier,short,images/wiki/wire_fox_terrier_3.jpg,False,False,True,False,False,False
962,yorkshire_terrier,x-short,images/wiki/yorkshire_terrier_0.jpg,True,False,False,False,False,False
963,yorkshire_terrier,x-short,images/wiki/yorkshire_terrier_1.jpg,True,False,False,False,False,False
964,yorkshire_terrier,x-short,images/wiki/yorkshire_terrier_2.jpg,True,False,False,False,False,False
965,yorkshire_terrier,x-short,images/wiki/yorkshire_terrier_3.jpg,True,False,False,False,False,False
966,yorkshire_terrier,x-short,images/wiki/yorkshire_terrier_4.jpg,True,False,False,False,False,False
967,yorkshire_terrier,x-short,images/wiki/yorkshire_terrier_5.jpg,True,False,False,False,False,False
968,yorkshire_terrier,x-short,images/wiki/yorkshire_terrier_6.jpg,True,False,False,False,False,False
969,yorkshire_terrier,x-short,images/wiki/yorkshire_terrier_7.jpg,True,False,False,False,False,False
970,yorkshire_terrier,x-short,images/wiki/yorkshire_terrier_8.jpg,True,False,False,False,False,False
971,yorkshire_terrier,x-short,images/wiki/yorkshire_terrier_9.jpg,True,False,False,False,False,False
972,yorkshire_terrier,x-short,images/wiki/yorkshire_terrier_10.jpg,True,False,False,False,False,False
973,yorkshire_terrier,x-short,images/wiki/yorkshire_terrier_11.jpg,True,False,False,False,False,False
974,yorkshire_terrier,x-short,images/wiki/yorkshire_terrier_12.jpg,True,False,False,False,False,False
