dog_id,breed_name,height,image_path,is_friendly,is_playful,is_protective,is_fast_learner,is_athletic,is_graceful
3,afghan_hound,tall,images/wiki/afghan_hound_1.jpg,False,False,False,False,False,False
7,afghan_hound,tall,images/wiki/afghan_hound_5.jpg,False,False,False,False,False,False
8,afghan_hound,tall,images/wiki/afghan_hound_6.jpg,False,False,False,False,False,False
9,airedale_terrier,medium,images/wiki/airedale_terrier_0.jpg,True,False,False,False,False,False
16,airedale_terrier,medium,images/wiki/airedale_terrier_7.jpg,True,False,False,False,False,False
41,american_english_coonhound,tall,images/wiki/american_english_coonhound_1.jpg,True,False,False,False,False,False
48,american_staffordshire_terrier,medium,images/wiki/american_staffordshire_terrier_1.jpg,True,False,False,False,False,False
49,american_staffordshire_terrier,medium,images/wiki/american_staffordshire_terrier_2.jpg,True,False,False,False,False,False
51,american_water_spaniel,medium,images/wiki/american_water_spaniel_0.jpg,True,False,False,False,False,False
54,american_water_spaniel,medium,images/wiki/american_water_spaniel_3.jpg,True,False,False,False,False,False
59,appenzeller_sennenhund,medium,images/wiki/appenzeller_sennenhund_1.jpg,False,False,False,False,True,False
61,australian_cattle_dog,medium,images/wiki/australian_cattle_dog_1.jpg,False,False,True,False,False,False
62,australian_cattle_dog,medium,images/wiki/australian_cattle_dog_2.jpg,False,False,True,False,False,False
64,australian_cattle_dog,medium,images/wiki/australian_cattle_dog_4.jpg,False,False,True,False,False,False
65,australian_cattle_dog,medium,images/wiki/australian_cattle_dog_5.jpg,False,False,True,False,False,False
66,australian_cattle_dog,medium,images/wiki/australian_cattle_dog_6.jpg,False,False,True,False,False,False
68,australian_cattle_dog,medium,images/wiki/australian_cattle_dog_8.jpg,False,False,True,False,False,False
69,australian_cattle_dog,medium,images/wiki/australian_cattle_dog_9.jpg,False,False,True,False,False,False
73,australian_shepherd,medium,images/wiki/australian_shepherd_3.jpg,False,False,False,False,False,False
74,australian_shepherd,medium,images/wiki/australian_shepherd_4.jpg,False,False,False,False,False,False
76,australian_shepherd,medium,images/wiki/australian_shepherd_6.jpg,False,False,False,False,False,False
77,australian_stumpy_tail_cattle_dog,medium,images/wiki/australian_stumpy_tail_cattle_dog_0.jpg,False,True,True,True,False,False
81,azawakh,short,images/wiki/azawakh_0.jpg,False,False,False,False,False,False
84,azawakh,x-short,images/wiki/azawakh_3.jpg,False,False,False,False,False,False
86,azawakh,medium,images/wiki/azawakh_5.jpg,False,False,False,False,False,False
87,azawakh,medium,images/wiki/azawakh_6.jpg,False,False,False,False,False,False
89,barbet,medium,images/wiki/barbet_1.jpg,True,False,False,True,False,False
90,barbet,tall,images/wiki/barbet_2.jpg,True,False,False,True,False,False
91,barbet,medium,images/wiki/barbet_3.jpg,True,False,False,True,False,False
99,basset_hound,short,images/wiki/basset_hound_0.jpg,True,False,False,False,False,False
100,basset_hound,short,images/wiki/basset_hound_1.jpg,True,False,False,False,False,False
102,basset_hound,short,images/wiki/basset_hound_3.jpg,True,False,False,False,False,False
115,bearded_collie,medium,images/wiki/bearded_collie_0.jpg,False,False,False,False,False,False
116,bearded_collie,medium,images/wiki/bearded_collie_1.jpg,False,False,False,False,False,False
117,bearded_collie,medium,images/wiki/bearded_collie_2.jpg,False,False,False,False,False,False
118,bearded_collie,medium,images/wiki/bearded_collie_3.jpg,False,False,False,False,False,False
159,bluetick_coonhound,medium,images/wiki/bluetick_coonhound_0.jpg,False,False,True,False,False,False
166,border_collie,medium,images/wiki/border_collie_0.jpg,True,False,False,False,False,False
168,border_collie,medium,images/wiki/border_collie_2.jpg,True,False,False,False,False,False
170,border_collie,medium,images/wiki/border_collie_4.jpg,True,False,False,False,False,False
172,border_collie,medium,images/wiki/border_collie_6.jpg,True,False,False,False,False,False
174,border_collie,medium,images/wiki/border_collie_8.jpg,True,False,False,False,False,False
175,border_collie,medium,images/wiki/border_collie_9.jpg,True,False,False,False,False,False
209,boxer,medium,images/wiki/boxer_2.jpg,False,False,False,True,False,False
210,boxer,x-short,images/wiki/boxer_3.jpg,False,False,False,True,False,False
211,boxer,x-short,images/wiki/boxer_4.jpg,False,False,False,True,False,False
213,boxer,x-short,images/wiki/boxer_6.jpg,False,False,False,True,False,False
215,boxer,x-short,images/wiki/boxer_8.jpg,False,False,False,True,False,False
225,braque_du_bourbonnais,medium,images/wiki/braque_du_bourbonnais_0.jpg,True,False,False,False,False,False
228,braque_du_bourbonnais,x-short,images/wiki/braque_du_bourbonnais_3.jpg,True,False,False,False,False,False
237,bull_terrier,medium,images/wiki/bull_terrier_2.jpg,True,True,False,False,False,False
239,bulldog,short,images/wiki/bulldog_0.jpg,True,False,False,False,False,False
240,bulldog,short,images/wiki/bulldog_1.jpg,True,False,False,False,False,False
241,bulldog,short,images/wiki/bulldog_2.jpg,True,False,False,False,False,False
242,bulldog,short,images/wiki/bulldog_3.jpg,True,False,False,False,False,False
243,bulldog,short,images/wiki/bulldog_4.jpg,True,False,False,False,False,False
244,bulldog,short,images/wiki/bulldog_5.jpg,True,False,False,False,False,False
245,bulldog,short,images/wiki/bulldog_6.jpg,True,False,False,False,False,False
260,canaan_dog,medium,images/wiki/canaan_dog_1.jpg,False,False,True,False,False,False
263,carolina_dog,x-tall,images/wiki/carolina_dog_0.jpg,False,False,True,False,False,False
265,carolina_dog,x-tall,images/wiki/carolina_dog_2.jpg,False,False,True,False,False,False
337,dalmatian,medium,images/wiki/dalmatian_2.jpg,False,False,False,False,False,False
338,dalmatian,medium,images/wiki/dalmatian_3.jpg,False,False,False,False,False,False
339,dalmatian,medium,images/wiki/dalmatian_4.jpg,False,False,False,False,False,False
340,dalmatian,medium,images/wiki/dalmatian_5.jpg,False,False,False,False,False,False
358,dutch_shepherd,short,images/wiki/dutch_shepherd_0.jpg,False,False,False,False,True,False
375,english_setter,tall,images/wiki/english_setter_0.jpg,True,False,False,False,False,False
379,english_setter,tall,images/wiki/english_setter_4.jpg,True,False,False,False,False,False
380,english_springer_spaniel,medium,images/wiki/english_springer_spaniel_0.jpg,True,False,False,True,False,False
381,entlebucher_mountain_dog,medium,images/wiki/entlebucher_mountain_dog_0.jpg,False,False,False,False,False,False
382,entlebucher_mountain_dog,medium,images/wiki/entlebucher_mountain_dog_1.jpg,False,False,False,False,False,False
383,entlebucher_mountain_dog,medium,images/wiki/entlebucher_mountain_dog_2.jpg,False,False,False,False,False,False
389,eurasier,medium,images/wiki/eurasier_0.jpg,True,False,False,False,False,False
390,field_spaniel,medium,images/wiki/field_spaniel_0.jpg,True,False,False,False,False,False
393,finnish_lapphund,medium,images/wiki/finnish_lapphund_0.jpg,True,False,True,False,True,False
394,finnish_lapphund,medium,images/wiki/finnish_lapphund_1.jpg,True,False,True,False,True,False
395,finnish_lapphund,medium,images/wiki/finnish_lapphund_2.jpg,True,False,True,False,True,False
396,finnish_lapphund,medium,images/wiki/finnish_lapphund_3.jpg,True,False,True,False,True,False
404,french_spaniel,medium,images/wiki/french_spaniel_1.jpg,True,False,False,False,False,False
405,french_spaniel,tall,images/wiki/french_spaniel_2.jpg,True,False,False,False,False,False
408,german_pinscher,medium,images/wiki/german_pinscher_0.jpg,False,True,False,False,False,False
409,german_pinscher,medium,images/wiki/german_pinscher_1.jpg,False,True,False,False,False,False
412,german_pinscher,medium,images/wiki/german_pinscher_4.jpg,False,True,False,False,False,False
414,german_shorthaired_pointer,medium,images/wiki/german_shorthaired_pointer_0.jpg,True,False,False,True,False,False
419,german_wirehaired_pointer,medium,images/wiki/german_wirehaired_pointer_1.jpg,True,False,False,False,False,False
437,gordon_setter,tall,images/wiki/gordon_setter_3.jpg,True,False,False,False,False,False
440,grand_basset_griffon_vendeen,medium,images/wiki/grand_basset_griffon_vendeen_0.jpg,True,False,False,False,False,False
481,ibizan_hound,short,images/wiki/ibizan_hound_0.jpg,True,False,False,False,False,True
482,ibizan_hound,x-short,images/wiki/ibizan_hound_1.jpg,True,False,False,False,False,True
485,irish_red_and_white_setter,tall,images/wiki/irish_red_and_white_setter_0.jpg,False,False,False,False,True,False
488,irish_red_and_white_setter,medium,images/wiki/irish_red_and_white_setter_3.jpg,False,False,False,False,True,False
489,irish_red_and_white_setter,short,images/wiki/irish_red_and_white_setter_4.jpg,False,False,False,False,True,False
490,irish_red_and_white_setter,x-short,images/wiki/irish_red_and_white_setter_5.jpg,False,False,False,False,True,False
502,irish_water_spaniel,medium,images/wiki/irish_water_spaniel_1.jpg,False,False,True,False,False,False
529,karelian_bear_dog,x-short,images/wiki/karelian_bear_dog_0.jpg,False,False,False,False,False,False
530,keeshond,medium,images/wiki/keeshond_0.jpg,True,False,False,False,True,False
532,keeshond,medium,images/wiki/keeshond_2.jpg,True,False,False,False,True,False
533,keeshond,medium,images/wiki/keeshond_3.jpg,True,False,False,False,True,False
535,keeshond,medium,images/wiki/keeshond_5.jpg,True,False,False,False,True,False
636,norwegian_elkhound,x-short,images/wiki/norwegian_elkhound_0.jpg,True,False,True,False,False,False
637,norwegian_elkhound,x-short,images/wiki/norwegian_elkhound_1.jpg,True,False,True,False,False,False
638,norwegian_elkhound,medium,images/wiki/norwegian_elkhound_2.jpg,True,False,True,False,False,False
645,nova_scotia_duck_tolling_retriever,medium,images/wiki/nova_scotia_duck_tolling_retriever_0.jpg,True,False,False,False,False,False
646,nova_scotia_duck_tolling_retriever,medium,images/wiki/nova_scotia_duck_tolling_retriever_1.jpg,True,False,False,False,False,False
683,pharaoh_hound,tall,images/wiki/pharaoh_hound_0.jpg,True,False,False,False,False,False
684,pharaoh_hound,medium,images/wiki/pharaoh_hound_1.jpg,True,False,False,False,False,False
685,pharaoh_hound,medium,images/wiki/pharaoh_hound_2.jpg,True,False,False,False,False,False
686,pharaoh_hound,medium,images/wiki/pharaoh_hound_3.jpg,True,False,False,False,False,False
687,plott_hound,tall,images/wiki/plott_hound_0.jpg,False,False,True,False,False,False
700,portuguese_podengo,medium,images/wiki/portuguese_podengo_2.jpg,False,False,True,False,False,False
701,portuguese_podengo,tall,images/wiki/portuguese_podengo_3.jpg,False,False,True,False,False,False
702,portuguese_podengo,medium,images/wiki/portuguese_podengo_4.jpg,False,False,True,False,False,False
704,portuguese_water_dog,medium,images/wiki/portuguese_water_dog_0.jpg,True,False,False,False,True,False
707,portuguese_water_dog,medium,images/wiki/portuguese_water_dog_3.jpg,True,False,False,False,True,False
708,portuguese_water_dog,medium,images/wiki/portuguese_water_dog_4.jpg,True,False,False,False,True,False
709,portuguese_water_dog,medium,images/wiki/portuguese_water_dog_5.jpg,True,False,False,False,True,False
710,portuguese_water_dog,medium,images/wiki/portuguese_water_dog_6.jpg,True,False,False,False,True,False
711,portuguese_water_dog,medium,images/wiki/portuguese_water_dog_7.jpg,True,False,False,False,True,False
712,portuguese_water_dog,medium,images/wiki/portuguese_water_dog_8.jpg,True,False,False,False,True,False
713,portuguese_water_dog,medium,images/wiki/portuguese_water_dog_9.jpg,True,False,False,False,True,False
714,portuguese_water_dog,medium,images/wiki/portuguese_water_dog_10.jpg,True,False,False,False,True,False
740,redbone_coonhound,tall,images/wiki/redbone_coonhound_2.jpg,False,False,False,True,False,False
741,redbone_coonhound,tall,images/wiki/redbone_coonhound_3.jpg,False,False,False,True,False,False
742,redbone_coonhound,tall,images/wiki/redbone_coonhound_4.jpg,False,False,False,True,False,False
763,saluki,tall,images/wiki/saluki_0.jpg,True,False,False,False,False,False
765,saluki,tall,images/wiki/saluki_2.jpg,True,False,False,False,False,False
766,saluki,tall,images/wiki/saluki_3.jpg,True,False,False,False,False,False
767,saluki,tall,images/wiki/saluki_4.jpg,True,False,False,False,False,False
768,saluki,tall,images/wiki/saluki_5.jpg,True,False,False,False,False,False
769,saluki,tall,images/wiki/saluki_6.jpg,True,False,False,False,False,False
770,saluki,tall,images/wiki/saluki_7.jpg,True,False,False,False,False,False
771,samoyed,medium,images/wiki/samoyed_0.jpg,True,False,False,False,False,False
772,samoyed,medium,images/wiki/samoyed_1.jpg,True,False,False,False,False,False
774,samoyed,x-short,images/wiki/samoyed_3.jpg,True,False,False,False,False,False
777,schapendoes,medium,images/wiki/schapendoes_1.jpg,True,False,True,False,True,False
819,shikoku,medium,images/wiki/shikoku_0.jpg,False,False,True,False,False,False
820,shikoku,medium,images/wiki/shikoku_1.jpg,False,False,True,False,False,False
823,siberian_husky,medium,images/wiki/siberian_husky_2.jpg,False,True,False,False,False,False
824,siberian_husky,medium,images/wiki/siberian_husky_3.jpg,False,True,False,False,False,False
825,siberian_husky,x-short,images/wiki/siberian_husky_4.jpg,False,True,False,False,False,False
828,siberian_husky,medium,images/wiki/siberian_husky_7.jpg,False,True,False,False,False,False
832,skye_terrier,x-short,images/wiki/skye_terrier_3.jpg,False,False,False,False,False,False
833,skye_terrier,x-short,images/wiki/skye_terrier_4.jpg,False,False,False,False,False,False
834,sloughi,tall,images/wiki/sloughi_0.jpg,False,False,False,False,False,True
835,sloughi,tall,images/wiki/sloughi_1.jpg,False,False,False,False,False,True
836,slovensky_kopov,medium,images/wiki/slovensky_kopov_0.jpg,False,False,True,False,False,False
844,spanish_water_dog,x-tall,images/wiki/spanish_water_dog_0.jpg,False,False,False,False,False,False
845,spanish_water_dog,x-tall,images/wiki/spanish_water_dog_1.jpg,False,False,False,False,False,False
847,spanish_water_dog,x-tall,images/wiki/spanish_water_dog_3.jpg,False,False,False,False,False,False
848,spanish_water_dog,x-tall,images/wiki/spanish_water_dog_4.jpg,False,False,False,False,False,False
849,spanish_water_dog,x-tall,images/wiki/spanish_water_dog_5.jpg,False,False,False,False,False,False
850,spanish_water_dog,x-tall,images/wiki/spanish_water_dog_6.jpg,False,False,False,False,False,False
851,spanish_water_dog,x-short,images/wiki/spanish_water_dog_7.jpg,False,False,False,False,False,False
852,spanish_water_dog,x-tall,images/wiki/spanish_water_dog_8.jpg,False,False,False,False,False,False
853,stabyhoun,medium,images/wiki/stabyhoun_0.jpg,False,False,False,False,False,False
854,stabyhoun,medium,images/wiki/stabyhoun_1.jpg,False,False,False,False,False,False
855,stabyhoun,medium,images/wiki/stabyhoun_2.jpg,False,False,False,False,False,False
857,stabyhoun,medium,images/wiki/stabyhoun_4.jpg,False,False,False,False,False,False
865,standard_schnauzer,short,images/wiki/standard_schnauzer_0.jpg,False,False,True,False,True,False
868,standard_schnauzer,short,images/wiki/standard_schnauzer_3.jpg,False,False,True,False,True,False
869,sussex_spaniel,short,images/wiki/sussex_spaniel_0.jpg,True,False,False,False,False,False
870,sussex_spaniel,short,images/wiki/sussex_spaniel_1.jpg,True,False,False,False,False,False
873,swedish_lapphund,medium,images/wiki/swedish_lapphund_0.jpg,False,False,False,False,True,False
888,thai_ridgeback,medium,images/wiki/thai_ridgeback_2.jpg,False,False,False,False,True,False
914,treeing_walker_coonhound,tall,images/wiki/treeing_walker_coonhound_1.jpg,False,False,True,False,False,False
917,vizsla,tall,images/wiki/vizsla_0.jpg,True,False,False,False,False,False
918,vizsla,tall,images/wiki/vizsla_1.jpg,True,False,False,False,False,False
920,vizsla,medium,images/wiki/vizsla_3.jpg,True,False,False,False,False,False
922,vizsla,medium,images/wiki/vizsla_5.jpg,True,False,False,False,False,False
928,welsh_springer_spaniel,medium,images/wiki/welsh_springer_spaniel_0.jpg,True,False,False,False,False,False
929,welsh_springer_spaniel,medium,images/wiki/welsh_springer_spaniel_1.jpg,True,False,False,False,False,False
930,welsh_springer_spaniel,medium,images/wiki/welsh_springer_spaniel_2.jpg,True,False,False,False,False,False
931,welsh_springer_spaniel,medium,images/wiki/welsh_springer_spaniel_3.jpg,True,False,False,False,False,False
932,welsh_springer_spaniel,medium,images/wiki/welsh_springer_spaniel_4.jpg,True,False,False,False,False,False
944,wetterhoun,short,images/wiki/wetterhoun_0.jpg,True,False,False,False,False,False
954,wirehaired_vizsla,tall,images/wiki/wirehaired_vizsla_0.jpg,True,False,False,True,False,False
955,wirehaired_vizsla,medium,images/wiki/wirehaired_vizsla_1.jpg,True,False,False,True,False,False
959,yakutian_laika,medium,images/wiki/yakutian_laika_0.jpg,True,False,False,False,False,False
960,yakutian_laika,medium,images/wiki/yakutian_laika_1.jpg,True,False,False,False,False,False
961,yakutian_laika,medium,images/wiki/yakutian_laika_2.jpg,True,False,False,False,False,False
