dog_id,breed_name,height,image_path,is_friendly,is_playful,is_protective,is_fast_learner,is_athletic,is_graceful
2,afghan_hound,tall,images/wiki/afghan_hound_0.jpg,False,False,False,False,False,False
4,afghan_hound,tall,images/wiki/afghan_hound_2.jpg,False,False,False,False,False,False
5,afghan_hound,tall,images/wiki/afghan_hound_3.jpg,False,False,False,False,False,False
6,afghan_hound,tall,images/wiki/afghan_hound_4.jpg,False,False,False,False,False,False
10,airedale_terrier,medium,images/wiki/airedale_terrier_1.jpg,True,False,False,False,False,False
11,airedale_terrier,medium,images/wiki/airedale_terrier_2.jpg,True,False,False,False,False,False
12,airedale_terrier,medium,images/wiki/airedale_terrier_3.jpg,True,False,False,False,False,False
13,airedale_terrier,medium,images/wiki/airedale_terrier_4.jpg,True,False,False,False,False,False
14,airedale_terrier,medium,images/wiki/airedale_terrier_5.jpg,True,False,False,False,False,False
15,airedale_terrier,medium,images/wiki/airedale_terrier_6.jpg,True,False,False,False,False,False
17,airedale_terrier,medium,images/wiki/airedale_terrier_8.jpg,True,False,False,False,False,False
36,american_bulldog,medium,images/wiki/american_bulldog_1.jpg,False,False,False,False,False,False
40,american_english_coonhound,tall,images/wiki/american_english_coonhound_0.jpg,True,False,False,False,False,False
45,american_foxhound,tall,images/wiki/american_foxhound_0.jpg,False,False,False,False,False,False
46,american_foxhound,medium,images/wiki/american_foxhound_1.jpg,False,False,False,False,False,False
47,american_staffordshire_terrier,medium,images/wiki/american_staffordshire_terrier_0.jpg,True,False,False,False,False,False
50,american_staffordshire_terrier,medium,images/wiki/american_staffordshire_terrier_3.jpg,True,False,False,False,False,False
58,appenzeller_sennenhund,medium,images/wiki/appenzeller_sennenhund_0.jpg,False,False,False,False,True,False
70,australian_shepherd,medium,images/wiki/australian_shepherd_0.jpg,False,False,False,False,False,False
71,australian_shepherd,medium,images/wiki/australian_shepherd_1.jpg,False,False,False,False,False,False
72,australian_shepherd,medium,images/wiki/australian_shepherd_2.jpg,False,False,False,False,False,False
75,australian_shepherd,medium,images/wiki/australian_shepherd_5.jpg,False,False,False,False,False,False
88,barbet,medium,images/wiki/barbet_0.jpg,True,False,False,True,False,False
101,basset_hound,short,images/wiki/basset_hound_2.jpg,True,False,False,False,False,False
129,berger_picard,x-short,images/wiki/berger_picard_0.jpg,True,False,False,False,False,False
130,berger_picard,medium,images/wiki/berger_picard_1.jpg,True,False,False,False,False,False
131,berger_picard,x-short,images/wiki/berger_picard_2.jpg,True,False,False,False,False,False
132,berger_picard,short,images/wiki/berger_picard_3.jpg,True,False,False,False,False,False
164,bohemian_shepherd,medium,images/wiki/bohemian_shepherd_0.jpg,True,False,True,False,False,False
186,borzoi,tall,images/wiki/borzoi_3.jpg,True,False,False,False,False,False
187,borzoi,tall,images/wiki/borzoi_4.jpg,True,False,False,False,False,False
188,borzoi,tall,images/wiki/borzoi_5.jpg,True,False,False,False,False,False
193,borzoi,tall,images/wiki/borzoi_10.jpg,True,False,False,False,False,False
224,bracco_italiano,medium,images/wiki/bracco_italiano_0.jpg,True,False,False,False,False,False
230,briard,medium,images/wiki/briard_2.jpg,False,False,False,False,False,False
233,briard,medium,images/wiki/briard_5.jpg,False,False,False,False,False,False
235,bull_terrier,medium,images/wiki/bull_terrier_0.jpg,True,True,False,False,False,False
236,bull_terrier,medium,images/wiki/bull_terrier_1.jpg,True,True,False,False,False,False
238,bull_terrier,medium,images/wiki/bull_terrier_3.jpg,True,True,False,False,False,False
293,chesapeake_bay_retriever,medium,images/wiki/chesapeake_bay_retriever_0.jpg,True,False,False,True,False,False
295,chesapeake_bay_retriever,medium,images/wiki/chesapeake_bay_retriever_2.jpg,True,False,False,True,False,False
301,chow_chow,medium,images/wiki/chow_chow_0.jpg,False,False,False,True,False,False
302,chow_chow,medium,images/wiki/chow_chow_1.jpg,False,False,False,True,False,False
303,chow_chow,medium,images/wiki/chow_chow_2.jpg,False,False,False,True,False,False
304,clumber_spaniel,medium,images/wiki/clumber_spaniel_0.jpg,True,False,False,False,False,False
307,clumber_spaniel,medium,images/wiki/clumber_spaniel_3.jpg,True,False,False,False,False,False
310,clumber_spaniel,medium,images/wiki/clumber_spaniel_6.jpg,True,False,False,False,False,False
335,dalmatian,medium,images/wiki/dalmatian_0.jpg,False,False,False,False,False,False
336,dalmatian,medium,images/wiki/dalmatian_1.jpg,False,False,False,False,False,False
359,dutch_shepherd,short,images/wiki/dutch_shepherd_1.jpg,False,False,False,False,True,False
360,dutch_shepherd,medium,images/wiki/dutch_shepherd_2.jpg,False,False,False,False,True,False
371,english_foxhound,tall,images/wiki/english_foxhound_0.jpg,True,False,False,False,False,False
372,english_foxhound,tall,images/wiki/english_foxhound_1.jpg,True,False,False,False,False,False
373,english_foxhound,tall,images/wiki/english_foxhound_2.jpg,True,False,False,False,False,False
374,english_foxhound,tall,images/wiki/english_foxhound_3.jpg,True,False,False,False,False,False
378,english_setter,tall,images/wiki/english_setter_3.jpg,True,False,False,False,False,False
403,french_spaniel,short,images/wiki/french_spaniel_0.jpg,True,False,False,False,False,False
407,german_longhaired_pointer,tall,images/wiki/german_longhaired_pointer_1.jpg,True,False,False,False,False,False
415,german_shorthaired_pointer,tall,images/wiki/german_shorthaired_pointer_1.jpg,True,False,False,True,False,False
416,german_shorthaired_pointer,tall,images/wiki/german_shorthaired_pointer_2.jpg,True,False,False,True,False,False
418,german_wirehaired_pointer,tall,images/wiki/german_wirehaired_pointer_0.jpg,True,False,False,False,False,False
425,golden_retriever,medium,images/wiki/golden_retriever_0.jpg,True,False,True,False,False,False
426,golden_retriever,medium,images/wiki/golden_retriever_1.jpg,True,False,True,False,False,False
427,golden_retriever,medium,images/wiki/golden_retriever_2.jpg,True,False,True,False,False,False
428,golden_retriever,short,images/wiki/golden_retriever_3.jpg,True,False,True,False,False,False
429,golden_retriever,x-short,images/wiki/golden_retriever_4.jpg,True,False,True,False,False,False
430,golden_retriever,medium,images/wiki/golden_retriever_5.jpg,True,False,True,False,False,False
433,golden_retriever,medium,images/wiki/golden_retriever_8.jpg,True,False,True,False,False,False
434,gordon_setter,tall,images/wiki/gordon_setter_0.jpg,True,False,False,False,False,False
435,gordon_setter,tall,images/wiki/gordon_setter_1.jpg,True,False,False,False,False,False
436,gordon_setter,tall,images/wiki/gordon_setter_2.jpg,True,False,False,False,False,False
438,gordon_setter,tall,images/wiki/gordon_setter_4.jpg,True,False,False,False,False,False
439,gordon_setter,tall,images/wiki/gordon_setter_5.jpg,True,False,False,False,False,False
461,greyhound,tall,images/wiki/greyhound_0.jpg,True,False,False,False,False,False
462,greyhound,tall,images/wiki/greyhound_1.jpg,True,False,False,False,False,False
463,greyhound,tall,images/wiki/greyhound_2.jpg,True,False,False,False,False,False
464,greyhound,tall,images/wiki/greyhound_3.jpg,True,False,False,False,False,False
465,greyhound,tall,images/wiki/greyhound_4.jpg,True,False,False,False,False,False
466,greyhound,tall,images/wiki/greyhound_5.jpg,True,False,False,False,False,False
467,greyhound,tall,images/wiki/greyhound_6.jpg,True,False,False,False,False,False
468,greyhound,tall,images/wiki/greyhound_7.jpg,True,False,False,False,False,False
469,greyhound,tall,images/wiki/greyhound_8.jpg,True,False,False,False,False,False
470,greyhound,tall,images/wiki/greyhound_9.jpg,True,False,False,False,False,False
471,greyhound,tall,images/wiki/greyhound_10.jpg,True,False,False,False,False,False
473,harrier,medium,images/wiki/harrier_0.jpg,True,False,False,False,False,False
474,hokkaido,medium,images/wiki/hokkaido_0.jpg,False,False,True,False,False,False
476,hovawart,tall,images/wiki/hovawart_1.jpg,False,False,True,False,False,False
477,hovawart,tall,images/wiki/hovawart_2.jpg,False,False,True,False,False,False
478,hovawart,tall,images/wiki/hovawart_3.jpg,False,False,True,False,False,False
486,irish_red_and_white_setter,medium,images/wiki/irish_red_and_white_setter_1.jpg,False,False,False,False,True,False
491,irish_setter,tall,images/wiki/irish_setter_0.jpg,True,False,False,False,False,False
492,irish_setter,tall,images/wiki/irish_setter_1.jpg,True,False,False,False,False,False
493,irish_setter,tall,images/wiki/irish_setter_2.jpg,True,False,False,False,False,False
494,irish_setter,tall,images/wiki/irish_setter_3.jpg,True,False,False,False,False,False
501,irish_water_spaniel,medium,images/wiki/irish_water_spaniel_0.jpg,False,False,True,False,False,False
549,labrador_retriever,tall,images/wiki/labrador_retriever_2.jpg,True,False,False,False,False,False
551,labrador_retriever,medium,images/wiki/labrador_retriever_4.jpg,True,False,False,False,False,False
553,labrador_retriever,medium,images/wiki/labrador_retriever_6.jpg,True,False,False,False,False,False
554,labrador_retriever,x-short,images/wiki/labrador_retriever_7.jpg,True,False,False,False,False,False
556,labrador_retriever,short,images/wiki/labrador_retriever_9.jpg,True,False,False,False,False,False
557,labrador_retriever,short,images/wiki/labrador_retriever_10.jpg,True,False,False,False,False,False
558,labrador_retriever,x-short,images/wiki/labrador_retriever_11.jpg,True,False,False,False,False,False
559,labrador_retriever,x-short,images/wiki/labrador_retriever_12.jpg,True,False,False,False,False,False
560,labrador_retriever,medium,images/wiki/labrador_retriever_13.jpg,True,False,False,False,False,False
571,lapponian_herder,medium,images/wiki/lapponian_herder_0.jpg,True,False,False,False,False,False
695,porcelaine,medium,images/wiki/porcelaine_0.jpg,False,False,False,False,True,False
696,porcelaine,medium,images/wiki/porcelaine_1.jpg,False,False,False,False,True,False
697,porcelaine,medium,images/wiki/porcelaine_2.jpg,False,False,False,False,True,False
698,portuguese_podengo,tall,images/wiki/portuguese_podengo_0.jpg,False,False,True,False,False,False
703,portuguese_pointer,medium,images/wiki/portuguese_pointer_0.jpg,True,False,False,False,False,False
706,portuguese_water_dog,medium,images/wiki/portuguese_water_dog_2.jpg,True,False,False,False,True,False
715,portuguese_water_dog,medium,images/wiki/portuguese_water_dog_11.jpg,True,False,False,False,True,False
716,pudelpointer,medium,images/wiki/pudelpointer_0.jpg,True,False,False,True,False,False
738,redbone_coonhound,tall,images/wiki/redbone_coonhound_0.jpg,False,False,False,True,False,False
739,redbone_coonhound,medium,images/wiki/redbone_coonhound_1.jpg,False,False,False,True,False,False
743,redbone_coonhound,tall,images/wiki/redbone_coonhound_5.jpg,False,False,False,True,False,False
764,saluki,tall,images/wiki/saluki_1.jpg,True,False,False,False,False,False
773,samoyed,medium,images/wiki/samoyed_2.jpg,True,False,False,False,False,False
798,segugio_italiano,medium,images/wiki/segugio_italiano_0.jpg,True,False,False,True,False,False
822,siberian_husky,short,images/wiki/siberian_husky_1.jpg,False,True,False,False,False,False
826,siberian_husky,medium,images/wiki/siberian_husky_5.jpg,False,True,False,False,False,False
856,stabyhoun,medium,images/wiki/stabyhoun_3.jpg,False,False,False,False,False,False
858,stabyhoun,medium,images/wiki/stabyhoun_5.jpg,False,False,False,False,False,False
886,thai_ridgeback,medium,images/wiki/thai_ridgeback_0.jpg,False,False,False,False,True,False
887,thai_ridgeback,medium,images/wiki/thai_ridgeback_1.jpg,False,False,False,False,True,False
889,thai_ridgeback,tall,images/wiki/thai_ridgeback_3.jpg,False,False,False,False,True,False
911,transylvanian_hound,medium,images/wiki/transylvanian_hound_0.jpg,True,False,False,False,False,False
913,treeing_walker_coonhound,medium,images/wiki/treeing_walker_coonhound_0.jpg,False,False,True,False,False,False
915,treeing_walker_coonhound,tall,images/wiki/treeing_walker_coonhound_2.jpg,False,False,True,False,False,False
916,treeing_walker_coonhound,tall,images/wiki/treeing_walker_coonhound_3.jpg,False,False,True,False,False,False
919,vizsla,medium,images/wiki/vizsla_2.jpg,True,False,False,False,False,False
921,vizsla,medium,images/wiki/vizsla_4.jpg,True,False,False,False,False,False
927,weimaraner,tall,images/wiki/weimaraner_4.jpg,True,False,True,True,False,False
953,wirehaired_pointing_griffon,tall,images/wiki/wirehaired_pointing_griffon_0.jpg,True,False,True,True,False,False
956,wirehaired_vizsla,medium,images/wiki/wirehaired_vizsla_2.jpg,True,False,False,True,False,False
957,wirehaired_vizsla,x-short,images/wiki/wirehaired_vizsla_3.jpg,True,False,False,True,False,False
958,wirehaired_vizsla,short,images/wiki/wirehaired_vizsla_4.jpg,True,False,False,True,False,False
